DATE,STAR,LIKE,DISLIKE,TITLE,REVIEW
2021-08-03 17:41:39,4,0,0,배달원,안녕하세요 쿠팡이츠를 하고있는 배달원입니다 다름이아니라 제가 이글를 올리는 이유는 개선이 됬으면 하는 마음에서 그를 올립니다 앞서 글을 올리셨던 분에 글처럼 매장에가서도 기다리는 부분도 있고 또 콜를 받고 출발한지 얼마안되서 조리가 다됬다고 알림이 오는부분도 있습니다 그러면 가사입장에서도 마음이 급합니다 혹시 매장에서 기사가 오는 시간이 정해저있다면 얼추 오는시간을보고 조리알림을 눌러주셨으면 합니다 물론 매장에서도 바쁠때도 있다는것도 이해합니다 그러나 예를들어 어떤매장같은경우는 매장에서 직접전화를 주셔서 제가 얼마나 걸릴지 물어보시고 그시간에 맞춰서 조리를 해주시는 매장도 있습니다 그런것을볼때 타 다른매장의 경우 앞서 글를 올리신분의 말씀처럼 매장에 갔을때 오래기다리는 부분도있고 또 콜를 받고 출발한지 얼마 안됬는데 조리가 됬다고알림이와서 가보면 포장을 하고 있는 매장도 있습니다 기사가 얼마나 걸리는지 시간을 재발 봐주시고 그시간에 맞춰서 조리와료 알림을 해주시면 좋겠습니다 미리 알림이 뜨면 기사입장에서는 급합니다 쿠팡이츠 뿐만이 아니라 타 배달대행 업체에서도 보면 그렇게 급하다가 사고나는 가사분들 많이 봤습니다 재발 부탁드립니다 미리 조리완료 눌지마시고 기사가 언제쯤 도착하는지 시간을 보시고 조리부탁드립니다
2021-08-02 23:40:59,1,0,0,배달지역,아니 무슨 배달지역이 구분이없네 무슨 왕복 10km를 5천원에 보낸다고 4개 연달아 주고 취소하면 평점까이고 장난합니까 어느정도 해야지 관리좀해요 배달지역을 나눠주든가 취소안하고 할려는데 서초구에서 배달2건하는데 다리건너가라하네
2021-08-02 10:49:23,1,0,0,안전교육수료,아니 안전교육수료하고 배달1건하면 2만원 준다면서 정산할때는 2만원만 쏙 빼놓고 주냐 그래서 고객센터에 전화해보면 이메일하나 알려주더니 거기에 문의하라고 해서 문의했더니만 답변은 뒤지게 느리게 오네 개 씹쓰레기 일 ㅈ같이하네 쿠팡년들
2021-08-01 23:07:43,1,0,0,단가 후려치네,"인제는 하다하다 프로모션에 기본단가까지 후려치네...
왜 어플지도에 나오는 금액이랑 내가 배달하는 금액이랑 다른거지... 최대할증 붙은 금액을 보여주고 사람 유입 시키려들고 원래 피크타임때 단가높여서 주는걸 인제는 그걸 프로모션으로 바꿔서 따로 프로모션 수당도 안주네"
2021-07-31 13:29:38,1,0,0,잔대가리 굴리는 곰팡이츠,"이벤트 하나하나가 다 낚시, 돈주기 싫어서 평점낚시는 기본으로 깔고 순진한 파트너 렌탈장사로 낚아 플랫폼 노예를 확보하려는 쥐수작.
어차피 노예들이 많아지면 가게에서 떼는 수수료 중 배달파트너 몫의 기본단가를 더 낮추더라도 강제로 할 수 밖에 없으니, 초보들은 낚이지 말고 최저시급도 안되는 최저단가에는 절대 일하지 마시길.

웬만하면 중고로 사서 경험부터 쌓고 지역별 이벤트 보너스를 챙길 것."
2021-07-30 00:19:02,1,0,0,…,화면금액이랑 실수령액이랑 다름
2021-07-29 05:32:07,1,0,0,"단가 높을때 한,두 건하기 용도","직선거리 계산, 단가 실시간 변동폭 너무 큼"
2021-07-28 04:56:18,1,0,0,만든사람 머리있는건가?,"배차 먼거는 이해는 하는데
자전거로 피자 배달??
보온가방 있다고는 해도 피자를 세워서 가리??
해도된다고 써봐 되면 세워서 뭉터기로 배달할게

거절하면 똑같은건 안떠야지 왜 바로 또 잡아줌?
이거 만든놈 전문으로 배워서 만든거 맞냐??
대학생 알바시켜서 만든거냐?

평점같은거 안남기는데 어이가 없어서 남긴다
매크로 쓰는 놈들아"
2021-07-28 04:38:14,1,0,0,그지들만하는어플,그지들만하는 배달어플입니다
2021-07-27 16:55:46,1,0,0,회원가입안되네요 어이가없어서,이름이 올바르지 않다네요 몇번이고해도 관리자에게 문의하라고 관리자번호를 알아야 문의를 할거아닌가요
2021-07-27 05:19:27,1,0,0,별 하나도 아까운 쿠팡이츠 ㅡㅡ,ㅡㅡ어플 삭제했는데 문자 메세지 계속 오길래 무료수신거부로 전화해서 거부처리 했는데도 계속 와서 연결 진짜 안되는 고객센터 기다리고 기다려서 해당 내용 말했더니 뭔 앱을 삭제해도 기존에 push 설정 해두면 문자가 온다고 앱 다시 깔아서 해지처리하라는데ㅡㅡ뭔 이런 개떡같은 어플이 다있고 쿠팡이츠 시스템 왜 이모양인지ㅡㅡ? 진짜 그지같은 시스템 ㅡㅡㅗㅗ
2021-07-26 06:28:10,1,0,0,이거 왜이래요?,회원가입하고 로그인 할려고 하면 자꾸 이름을 올바르게 입력하라고 뜨고 관리자에게 문의하라는데 관리자 문의가 어딨어 진짜 짜증나게
2021-07-25 13:50:27,1,0,0,오류,배달파트너 하려고 회원가입후 로그인하고 나서 급여받을 계좌번호 입력란에서 지금 2일째 씨름중입니다. 다른사람들은 다 되는데 저는 수정도 못하는 이름이 잘못되었다는 오류가 계속 뜨네요 계속 하면 주민번호를 이상하게 입력했다고 당분간 등록이안된다고 뜨고 고객센터는 무슨 365일 통화중입니까 전화를 받지를 않네요 빠른 답변주세요
2021-07-24 06:35:02,1,0,0,제발 부탁좀요 알림음 과 픽업시간개선 좀,픽업시간좀 개선해주시고 자전거로 어떻게 거리좀어떻게주세오 좀
2021-07-23 06:00:13,1,0,0,미성년자,대체 왜 미성년자는 사용 불가인가요? 18살에 면허도 소지하고 있으면 이용 가능하게 해야하는거 아닌가요
2021-07-23 05:24:16,1,0,0,미션지역 배차 부당함,미션지역 선정 후 다른 지역배차를 줌 한푼이라도 더 벌려는 사람들에게 일부러 적은 돈을 주려 그러는지 궁금하다
2021-07-23 03:12:59,3,0,0,회원가입 안됩니다,"회원가입하고 로그인 후 계좌입력하는데
자꾸 이름을 올바르게 입력하라며 관리자에게 문의하라고 뜨네요 해결바랍니다
이름이 문제도 없을 뿐더러 이름쓰는 칸은 고정되어있어 건드릴수도 없습니다"
2021-07-22 21:06:09,5,0,0,몇가지 개선하면 참 좋은 앱,"수고가 많으십니다 
코로나로 모두가 힘든 시기에 
국민들이 편할때 언제든지 알바할수있게 
앱 만들어 주셔서 감사합니다^^
하지만 몇가지 보완하면 
더 좋은 어플일듯 합니다 
기사들도 조리시간 보이게 해주면 좋을듯 합니다 
업주들은 기사가 일찍가도 뭐라하고 
늦게가도 뭐라하고 다투는 경우가 빈번합니다 
티맵관련 건의 입니다 
요즘 입주자 출입구가 별도로 되어있어서 
정문 우선 안내로 실행되었으면 참 좋겠네요 ㅎ"
2021-07-20 16:20:08,5,0,0,배차 거리,"자꾸 배차거리 멀다고 징징대는데

배차거리 먼만큼 돈 잘 뽑힙니다 ~"
2021-07-20 02:53:22,1,0,0,아우,"앱개발자가 리뷰를 보기는 보는건가요,,
배차수락후 꽤 있는거리를 배달하러 매장에 도착했는데 픽업하고 픽업완료 누르려고 하니 창이 안떠있어서 사장님한테 물어봤더니 주문자가 취소해서 배차가 다른사람으로 잡혔다하더라구요 주문취소했으면 주문취소 됬다고 알림배너로 쫌 알려주던가하시지 배차취소된줄도 모르고 괜히 헛걸음 했네요 개선좀 해주세요 제발"
2021-07-20 00:59:10,1,0,0,쿠팡이츠 하지마세여,"ㅂㄹ같은 시스템 그냥 배민하세여
쿠팡이츠하고 느낀점 개멀리 보낸다 > 가는도중 음식이 나와있다 > 배달가서 문앞에 놓은다 (음식은 식어있다)
쿠팡이츠 광고 ( 어디다 시켰길래 치킨은 눅눅 짜장면은 불어??니네야 )
그리고 ai자동 배차라는데 ai가 유치원 능지냐?"
2021-07-18 19:48:02,1,0,0,이벤트,이벤트만 시작하면 콜이 없음 이벤트를 하란건지 말란건지 30분째 대기만함 콜이 하나도없음
2021-07-18 04:45:39,1,0,0,도보로 하실거면 다른 어플 쓰세요,"3일째 주문량 매우 많은지역 한가운데서 매일 3시간씩 죽치고 대기하는데 하루에 한건밖에 못잡아요 시간 정말 너무 많이 버리구요, 그냥 오토바이 없으면 배달하는거 아니구나 라는 진리만 얻고 접습니다"
2021-07-18 02:18:49,1,0,0,별 한개도 아까운 쓰레기 시스템,진심 1만원 줘도 안갈 거리를 ㅋㅋ 3천원 찍고 계속 배달요청 보내길래 계속 거절했더니 서비스 저하 시킨다며 정지시킴 열받아서 바로 탈퇴함ㅋ 쿠팡이츠로 자주 시켜먹던 고객인데 ㅋㅋㅋ 탈퇴하면서 쿠팡이츠도 같이 끊음. 주식도 아니고 매초마다 가격 등락 개심한 쓰레기 시스템ㅉㅉ
2021-07-17 19:51:51,1,0,0,적당히해 진짜~,"여기에 다적는 시간조차 아깝다 피드백도 없고 개선사항에 올리겠습니다~ 하고 한달이지나도 변함이없음 따봉50개에  언따봉3개인데 94퍼 로 주황불 뜨네 ㅋㅋㅋㅋㅋㅋ 얼굴도 안보고 비대면 전달하는데 불친절? 배달원은 그냥 느그 노예냐? 지역이벤트 피크타임 이벤트 피크타임인데 30분째 콜 안들어옴 ㅋㅋㅋㅋㅋㅋㅋ 두시간 반 동안 6개 탈수는 있냐
콜도 없는게 판만 벌리지 안그대로 없는콜 이벤트한다고 대기 기사만 주구장창 퇴근후 투잡인데 이거 단가 안나옴 그냥 지역 배달대행하세요"
2021-07-17 01:45:24,1,0,0,배달파트너 엿먹이는거만 연구하냐ㅋ,도로도 없는곳 일직선 거리측정도 열받는데 이제 화면에 기본요금 안 띄우고 할증붙은거 띄워놓네? ㅋㅋ 화면 보고 혹해서 콜받는 사람들 낚아볼려고? 왜이렇게 잔머리 굴려가며 파트너 엿맥이는거만 연구하냐 ㅋㅋ 기본요금 2500원도 니네가 유일하지 않냐? ㅋㅋ 가게들 치타배달 들어갈려고 준비도 안 됐는데 조리완료 미리 누르고 사람 기다리게 하는거나 좀 막아봐라 쿠팡한지 몇달 됐는데 파트너한테 좋게 바뀐게 하나도 없고 계속 안 좋은 쪽으로만 변함. 슬슬 지친다 새끼들아 나도 다른데로 갈아탈까 생각중임
2021-07-15 04:05:06,1,0,0,외주주면 끊고 채용이면 갈아라,"괜히 기업 이미지 망치지말고
정말 못만든 앱. 
배민보고 배워라"
2021-07-14 23:03:52,1,0,0,조팡입니다,끝
2021-07-14 02:43:25,3,0,0,가입 관리자문의,가입하려고하는데 관리자에게 문의하라네요 이름을 확인하라네요 계좌랑 다르다고
2021-07-13 19:55:58,1,0,0,앱 개발자 생각이 정말 한심함,앱자체에 자기가 갈수있는곳이나 갈만한 곳 선택하게 UI를 개선하던가 무조건 자기들이 지정하는콜만 받으라고 해놓고 너무 멀거나 부득이 거절하면 수락률 떨어지고 ㅋㅋ 분명 봉천 신림에서 시작했는데 점점 멀어지더니 경기도 광명이랑 시흥 경계선까지 보내놓고 소똥냄새나는 완전 깡촌 시골 동네 보내는데 콜받으러 나오는데만 5-6킬로 되는데 거리할증따윈없고 더이상 못하겠다 싶어서 집까지 네비 찍었더니 고속도로타고 16킬로 오토바이라 자동차도로 제외 했더니 근 20킬로가 나오네..ㅋㅋ 거리할증은 가격이 다 떨어졌고 예전에는 아무리 적어도 건당3천원 이하는 없었는데 주말 피크타임에 2900원대 나온거보고 어이가 또 없고..탑박스가 작아 큰피자는 안들어가서 거부하면 수락률떨어지고 ㅋㅋ 아니 최소한 어느정도까지 짐이 실리는지는 설정 해놓게해야하는거 아님? 내친구도 이거하다가 건당가격에 더러워서 못하겠다고 배민에 배달보험료120만원 내가며 배민으로 가더라..물어봤더니 난 하루 100킬로 정도 탔을때 그나마 피크타임때 8만원 겨우찍거나 못찍는데 (광명간날은 100킬로탔는데도 겨우5만중반) 배민갈아탄 그친구는 50킬로에 8만원 가볍게찍음..이러니 다들 갈아타지..관리자들 각성좀 했으면 좋겠다..아무리 짬내서 잠깐씩하는 알바지만 따지고보면 우리도 배달시켜먹는 고객이다..이따구로 하면 시켜먹기도 싫어진다..
2021-07-13 08:46:51,1,0,0,또가입이안됨,"저번에도리뷰달아서 계정이올바르게가입안되는 건으로 삭제처리하고 다시 가능하다고해서 가입하는데 또안됨 ""이름을 올바르게 입력하세요"" 라면서..

+7.14일 계정삭제처리 되고나서 다시 가입을 시도했으나
계좌입력하는 부분에서 또 ""이름을 올바르게 입력하세요""
문구만 뜨고 가입이 또 또 안되네요 ㅋㅋ"
2021-07-13 00:07:06,1,0,0,관리자문의,급여받을 계좌입력했는데 관리자에게 문의하라고 뜨네요 이름을 올바르게 적으라는데 올바르게 적었는데도 그러네요
2021-07-12 11:15:59,1,0,0,도대체 어디까지 보내냐..,"실수로 거절되는거빼곤 90퍼이상항상 유지했는데
이번주들어 하도 개빡쳐서 70퍼이하로 내려감
도대체 어디까지 배달을 보내는건지
최대한 다시 집쪽으로 보내주는 배달을 줘야지
집이 동대문인데 어떤날은 노원,불광,아차산..
매일매일이 걍 끝내고 돌아올땐 
10키로이상 진빠져서 돌아온다..
최소한 멀어지면 시작지점으로 좀 돌아오게해줘라 
글구 요새 정지먹을 각오하고 거절 겁나해봤는데
이벤트할증지역 안들여보내주고 더 멀리보내고
피크시간전부터 일하고있으면 시작전에 끄고 시간맞춰 다시 해야됨 이벤트 지역 안들여 보내줌"
2021-07-11 00:22:29,1,0,0,아이폰 쿠팡이츠 유저,"쿠팡이츠 아이폰 11 유조입니다
배달 수락률 41퍼구요 
왜이리 안잡았냐고 하지마세요  주문 거절버튼 눌러놔도 자꾸 주문들어오고 
픽업지 까지 거리가 6키로 5키론데 누가 감니까,,
ㅈ2잡이라 주문 거절 버튼 눌러놓으면 바로 다시 가게로 돌아가는데 그걸로인해서 하루에도 몇개씩 거절해요 개선좀 해주세요"
2021-07-10 22:28:27,1,0,0,완전 거지같으,"대체 왜 배달을 놓치는지 궁금했는데 이제 이유를 알았음
배달 요청이 들어왔을 때 알람음이 울려서 알려줘야 하는데
배달 요청 거절이 됐을 때 알람음이 울림
그래서 배달을 다 놓친거
아니 제때 알람음이 울려야지 뒤늦게 오면 뭐하냐 다 놓치는거지"
2021-07-10 17:40:10,2,0,0,최저시급도 안나옵니다,"금액 엄청 조정 받아서 돈 진짜 안됩니다. 하지마세요 

최저시급도 안나옵니다 

그냥 봉사수준이에여"
2021-07-09 22:17:57,1,0,0,콜센타 일안함? 문제 생기면. 연락이 안됨 ㅋㅋ,"콜은 그지같은것만. 주고. 콜센타는 돈만 처받고
일을 안하는지 연락 안될대는 4시간도. 연락안됨
ㅋㅋㅋㅋㅋ"
2021-07-09 08:25:01,5,0,0,추천인 UVW87WKZ,UVW87WKZ 추천인하시고 돈받아가세요
2021-07-08 23:44:40,3,0,0,뭐이래,"오프라인으로 해도 주문배정 하고
이지역 5천원대 뜨는거 보고있는데 2천원대 주문배정 들어오고
강남에서 매우많음 뜨는데 보통인 저 남쪽 주문배정 들어오고
직선거리는 가까운데 산 돌아가야되서 20분거리 배정됐는데 피크타임 이벤트시간이라 거절이나 취소도 못하고
엘베에서 배정되는건 수락도 안되고 오래된 엘베는 자동으로 거절꺼지 된게 몇개짼데 피크타임 몇분 안남기고 2만원돈 날리니까 진짜 맥빠지네요."
2021-07-08 07:20:29,4,0,0,괸리자님 가입히려니 이름을 똑 바로 써라네요,괸리자님 가입히려니 이름을 똑 바로 써라네요
2021-07-07 09:18:45,1,0,0,서비스 엉터리 개불만,서비스 개똥엉터리에요. 이벤트 참여 6만원이 한달넘게 입금이안되서 한달넘게 문의중인데 정산실수가있다고 입금해준다더니 두달째 입금 안해주고 화나서 전화하니까 전화로 상담이 불가하다고 이메일문의만 된대여ㅋㅋㅋㅋㅋㅋㅋㅋㅋㅋ 이메일문의하면 확인하는데만 한달걸리고 그후로 조치도 제대로안됨ㅋㅋㅋㅋㅋ 아직도 6만원 못받고있음ㅋㅋㅋㅋㅋㅋㅋ 개엉터리서비스입니다 다신안쓴다 진짜 쓰지마세여
2021-07-07 08:58:04,1,0,0,뭔 업데이트??,"니들이 뭐한고 업데이트를해?? 바뀌는게있어?? 
상담원들이나 바꿔라.. 하나같이 암것도 모르는것들뿐이니.. 그런 놈년들하고 뭔 상담을하냐?? 답답한것들아.. 오류는 왜 그리 많은거냐?? 콜 씹으면 안없어지고 계속울리고 지도나 업데이트하면 안되는거냐??  픽업지가 어딘지 배달할데는 어딘지 콜 받아야 알수있는건 좀 아니자나.."
2021-07-06 22:25:20,3,0,0,아니 가입이 안되요,이름을 올바르게 쓰라는데 이름 이미 자동으로 써지는데 어케하라는거에여 답답해죽겠네 고객센터도 문의하는곳도 없고 빨리 좀 알려주세요
2021-07-06 21:28:18,3,0,0,배차 및 앱 개선,"나 수원사는데 도대체 어디까지 보내려고 멀리 더멀리 배차를 줍니까? 그래서 거절하면 거절했다고 수략률 떨궈 배차 그지같이 주거나 안주거나.... 그리고 설문한다고 거절하면 사유서 보내는데 솔찍히 금액이 적으니까 거절하지 그딴 사유 핑계로 안할까요? 
그리고 배차받은 중에도 누적금액과 지난주금액 확인할수있게 개선좀 해줘요"
2021-07-05 19:33:46,1,0,0,계좌등록칸에서 안 넘어가져요,정보를 올바르게 쳤는데도 틀린정보라고 관리자한태 문의하라고 뜨네요
2021-07-05 19:22:47,1,0,0,에라이,"1.수지에서 오포 보내는데 산넘어 본인들 피셜 측정거리 전체거리 13키로 현실은 가는데 20키로 가서 콜 안잡아줌 다시 수지오는데 20키로 그 건으로 받은금액 7500원 기름값 경차로 하는데도 불구 4천원 걸린시간 30분이상...이거 내가 호구인가...
2.신도시 쇼핑몰 주차 겨우하고 4층 한참걸어 픽업 바로 옆 아파트 34층 지하에 주차하고 로비에서 체온측정 배달 걸린시간 40분 내가 받은금액 2500원
진심 너무한다"
2021-07-05 19:11:07,1,0,0,이벤트는 왜 하는거냐,"이 개**들은 이벤트한답시고 주문배정도 안하고 멀쩡하게 배달 많은 시간인데도 이벤트시간에는 주문량 적음으로만 나온다
상담하는것들은 배달하는사람보다 직책이 높은사람인줄 착각들이나하고 물어보는말에 댓구도 잘못한다
시스템을 모르면 상담을 하지말아야지
어플 인터페이스는 사람마다 다 다르고 시스템 맨날 베타버전이냐
내가 탈퇴하기전에 성질나서 리뷰 남긴다"
2021-07-05 17:50:57,2,0,0,관리자에게 문의,계정 삭제후 다시만드려고 하는데 이미 삭제된 계정이라 하네요
2021-07-05 01:16:28,1,0,0,갑질 쿠팡 재밌는 기업이네 ㅋㅋ,"문제없이 배달해주면 간단한 일인데 이걸 가지고 점수 측정하고, 거절 많으면 일주일동안 업무 못하게 하고

시대 흐름 따라갈줄 모르는 조선시대 마인드

조리시간을 알려주면 늦다, 빠르다 평가할것도 없고 배민처럼 수월하게 움직일수 있을텐데

아무튼 갑질 최고 기업답다 ㅉㅉㅉ"
2021-07-04 08:54:26,1,0,0,하,해보세요 ㅈ가튼거
2021-06-30 17:10:55,1,0,0,로그인 오류,밑에 댓보니까 로그인 오류 해결해달라고 요청한 시간이 꽤 지났음에도 아직도 해결이 안되어있네요 그렇다고 답글로 알려주는 것도 아니고 저도 똑같은 문제로 적습니다. 여기에 적혀있는 글들을 관리자는 읽기라도 하시나요?
2021-06-29 10:12:00,1,0,0,사람들 리뷰는 하나도 안 보나요?,가입하고 급여 받을 계좌 입력하는데 자꾸 이름이 옳바르지않다고 하고 몇 번 시도 하니까 이번엔 주민번호가 옳바르지 않다고 하는데 눈을 씻고 찾아봐도 제 이름 제 주민번호 맞거든요? 관리자한테 문의하라고 하는데 관리자 번호는 어딨나요
2021-06-29 06:38:35,1,0,0,앵무새 상담원,피크데이 비와서 그런지 오후 6시에 용산은 이벤트로 온라인 한시간 유지시 1만원 준다고 해서 오후 5시 40분 정도부터 배달 받아서 했음 첫건 받아서 배달 완료 누르니 엘베라서 그런가 재전송 오류 계속 뜸 1층 다와서 보니 6시 정각 배달완료 표시 되어 있음 핸드폰 오토바이에 거치하고 시동 걸면서 다음배달 어디일지 확인 하는데 시간을 보니 6시 2분이고 만지지도 않은 배달표시는 오프라인으로 표시 되어 있음 부랴부랴 다시 온라인으로 전환 후에 바로 6시3분에 다음 배달 받고 상담원에게 전화 했음 내가 한게 아닌데 6시 배달 완료 됐고 그후에 오프라인으로 바껴 잇었다 6시 3분에 다시 배달 받은거 보면 모르냐 라고 했더니 동영상이나 증거를 줘야 엔지니어?팀에게 보여줄 수 있다고 함 아니 배달 하면서 핸드폰 녹화를 왜하냐고 6시 배달완료 되고 6시3분 배달 받은거 보면 정황상 내가 고의로 그런게 아니지 않냐 다시 되물었더니 동영상이 있어야 된다고 앵무새 처럼 같은 말만 함 그렇지 쿠팡 요즘 사고 많이 치더니 또 한명의 고객 및 배달원을 놓치는 소리만 하고 있네요 사람들이 쿠팡 불매 해야 한다고 했는데 전혀 불편함 못 느끼고 있었는데 교육을 그렇게 시키고 개선 할 생각을 안 하니 또 한명의 안티를 늘리고 있음 정상적인 사고를 가졌으면 생각해 보셈 5시 40분쯤 배달 받아서 6시 완료 됐는데 유지만 하면 만원 주는데 그걸 끄는 정신나간 사람이 어디에 있을지 본인들이 오류 투성이인 어플 만들어 놓고 기계가 맞다고 주장만 함 그게 기계와 사람의 차이 아닌지 물론 악용하는 사람들 때문에 라도 그러겠지만 인간적으로 생각해 보길 또 하나의 고객과 배달원을 놓치기전에
2021-06-27 17:51:00,1,0,0,좆팡이츠 주문~❤️,좆같네진짜 ㅎㅎ
2021-06-27 00:07:16,1,0,0,앱 개발자 짤라야 되지 않음??,맵 확대 좀 해서 보려면 1초도 안되서 현위치. 배달요청 알림도 안왔는데 요청 지연으로 취소되었다고 하고. 문자 발송껀은 전화번호 복사 좀 되게 하라고!!!!
2021-06-25 08:28:47,1,0,0,왜 외국인은,"가입이 안됩니까?배민은 외국인 가입되는데 말이죠
외국기업이 외국인을 안받는다는게 좀 이상하네요
F-5 비자는 가입되게 해주세요 영주권자 인데 한국에서
쭉 살아온 영주권자 입니다 외국인이라 안받아주는건 차별아닐까요?"
2021-06-23 08:17:27,1,0,0,절대 하지마세요,개인차로 했는데 기름값도 안나옵니다 그냥 봉사수준을 넘어서 자진 노예하는 겁니다 진짜 이벤트 머니 제대로 주지도 않고 도보로 설정하면 배달도 안잡아줍니다
2021-06-22 04:59:47,3,0,0,가입이 안되요,로그인 할려고 계좌 주민 다 적었는데 이름을 올바르게 적으라 하네요 근데 이름은 똑바로 적혀있고 수정도 할수없게 되있는데 어떻게 해여하나요
2021-06-22 02:44:02,1,0,0,진짜 개어이없네,로그인하면 차단됬다구 다음날 로그인하라해서 다음날 했더니 또차단됬다네요 머이런경우개 다있는지 어떻게 해결책 없나요????
2021-06-21 22:04:37,1,0,0,너무 짜증나네요,"가입 내에 10건 하면 3만원 주는이벤트 진행중이라고 뜨길래 힘들어도 꾸역꾸역 10건 배달 했는데  
5월달에 종료 됐고 오류로 표기된거라 말하면서 사과 한 마디 없네요 건당 수수료도 작은데 거기에 세금까지 떼니 가져갈 거 별로 없습니다."
2021-06-21 21:19:15,1,0,0,기사 등록,배달파트너 등록후 그 계좌번호 입력할려고하는데 계속 관리자에게 문의하세요(이름을 다시 기입해주세요) 이러는데 이름 수정도 안되고 뭐 관리자에게 문의는 어째하는겁니까 대체
2021-06-18 21:35:38,1,0,0,자전거 배달하는사람좀 생각해주세요,"1. 배달 콜 자전거 지도상 거리로하면 자전거는 죽어나가요 총 거리가 4km 좀 안된다고 나와있지만 실제로는 5km가 그냥 넘어가요

2. 자전가는 피자 배달 안돼요 주인들도 안해주고 저도 하기 꺼려져요 자전거 배달하는사람즐은 배달 콜 빼주면 안되나요??

지금 이거 때문에 가려서 받는데 그래서 그런건지 지금 50분 넘게 콜 안들어오고 상담원한테 물어보면 매우 많은지역으로 이동해 달라고합니다 지금 제가 있는곳이 매우 많은지역인데 어디로 가야할까요

쫌!!! 보세요!! 읽고!! 개선책좀 마련해주세요"
2021-06-17 20:43:04,1,0,0,시스템 개구림,"시스템 개구림
신규 열건 보너스 등등 내용 잘~~~~보세요^^
아무나 다 주는 거 아니니까 해당도 안 되면서 애초에 왜 배너에 왜 띄워놓냐고 사기 아니냐니까 궤변만 불라불라…;
자전거로 다니는데 뭔 말도 안되는 곳 배달시키려 하고 아니 이보세요 갈 수 야 있겠지 한시간 쎄빠지게 밟으면 근데. 겨우 사천원 벌자고 거길 가겠냐고요 배달비가 잘못 되있음. 시간 고려 안 하냐고 또…
늦으면 늦느다고 평점 깎이는거 방치할거면서 왜 자꾸 먼거리 가라고 이상한데 알지도 못하는데 보내고 안 받는다고 수락율 테러;;;"
2021-06-17 03:00:56,1,0,0,배달상황 오픈,"지금 현재 배달이 멏개 떠잇는지 좀 할수잇겟해쥬세요 마냥 켜놓고 기다릴수도 없고 하루12시간씩 커놔도 10개 하네요 배달상황이라도 알면 없을때는 좀 맘편하게 뭐라도 할텐데 개선 좀 해주세요

또 매장도착해사 눌러보니 2시간뒤 음식 배달요청사항잇고 매장도착 누르기전 고객 요청사항은 미리 볼수잇게 해주세요 어이가 없네요 매장도착해서 매장도착 누르니 2시간뒤 배달이라 취소하고 다시 돌아왓네요

또 지도위치 어이 없네요 도착해서 고객한테 전화하니 막상 배달위치가 다르네요 이런경우 배달비를 더 받지도 못하고 업데이트 좀 빨리 합시다"
2021-06-16 16:57:35,1,0,0,1점도 아깝습니다.,"모든책임 배달기사에게 돌리는것은 물론, 이동거리도 ㅈ같은게 아래분처럼 1키로인데 오토바이인데 자동차전용도로로 보내질않나, 뺑 돌아가서 6키로나오고, 자전거타고다니면 진짜 신림에서 63빌딩 보냅니다.
그래서 그런거 거절하고, 음식 못싣는다고, 음식이 늦게나온다고 취소하면 업무위탁 정지시켜버리고, 전화해서 따지면 그런거 다 감안해서 정지시켰다하는데 그 기준은 절대 말안해줌ㅇㅇ 해당부서가 따로있다고 내 피드좀 전달해달라니까 전달해준다고 말만하고 피드백도없음. 그냥 고객센터가 왜있는지 모르겠음ㅋ"
2021-06-16 03:22:02,1,0,0,가입절차,가입절차중 계좌번호 입력 시 이름 재확인 요청 끊임없이 나옵니다
2021-06-14 18:07:45,1,0,0,그냥 안잡힘 프로모션이고뭐고 잡혀야하지,한시간을 넘게켜놔도 안됨 배민은 키자마자 잡힘 프로모션 돈주기 싫어서 그런가
2021-06-14 03:39:14,1,0,0,하지마세요,"배달거리 왕복 20키로 30키로까지 떠서 거절하면
수락율이랑 배달완료율 깎여서 일주일 짤렸습니다^^
기름값이 더 들어요.
가까운 지역에 있는 사람들이 배달하라고
지역설정해주신거 아닌가요??ㅋ̤̫ㅋ̤̮ㅋ̤̻ㅋ
차 기름값 주시는것도아니면서 황당하고 기분나빠서
안하려고요ㅋ"
2021-06-13 12:33:51,4,0,0,개선좀 해줬으면 좋겠습니다,"매장에서 음식이 몇분후에 완료가 되는지 뜨게 했으면 좋겠습니다   
배달 수락받고 갔는데 많이 기달리기 좀 그렇네요..."
2021-06-13 01:07:27,1,0,0,배송 조건 ㅈ 같음,그냥 안해서 망하게 하는 게 좋을 듯
2021-06-10 03:40:35,1,0,0,잘못만든듯,전에 배달일 하던곳이라 정확하게 찾아갔는데 쿠팡이츠측에서 일방적인 통보로 “오배송으로 인해 환불처리 하겠습니다 기사님” 이라고 연락옴 다시 연락하려고 고객센터에 연락했으나 돌아오는 답변은 “담당부서가 필요로하면 연락갈겁니다 기다려주세요 따로 담당부서에 연락은 불가능하십니다” 그럼 필요로 하지않으면 따로 따질수도 없는건데 어쩌란말인가.. 고객이란 사람은 주소 잘못 적어놓고 평점도 내려주심 말이되는 얘기임? 이게 ㅋㅋ 고객센터도 관리 안되고 앱도 이상하고 뭐 배달기사만 욕하는게 맞는건가요 이게?
2021-06-10 02:52:32,1,0,0,제발 가까운데로...,"아니 가까운거리 배차인데 퇴근시간 차막히는시간에
자차배달하는 사람한테 5-6키로 떨어진 시내한복판 보내면 어쩌라는거야
한 두번이 아니라서 진짜힘드네..
애초에 시간 늦을것같으면 취소하긴하는데
그럼 또 평점낮아지고 하..."
2021-06-08 05:22:28,1,0,0,아직 이거 하는 호구분 안계시죠?,"정말 최악입니다 오토바이는 모르겠지만 자전거랑 차로 이거 하실 생각하지마세요 쿠팡이츠만 좋은일 시키는겁니다 통합 3키로가 넘는 거리를 2,500원 주면 도대체 하라는건지 말라는건지 이거 쿠팡이츠에서 기본단가 올리기 전에는 단체로 하지 맙시다 정말 이건 아니라고 봅니다"
2021-06-07 23:11:19,3,0,0,본인인증,받을 계좌 등록하는데 이름이 안맞는다고 나오네요 해결부탁두려요;;
2021-06-07 01:36:33,1,0,0,ㅋㅋㅋㅋㅋㅋ,"리뷰같은거 안쓰는데 개쓰레기라 쓴다
직원 말투 뭐같고 지네도 모른다함ㅋㅌㅌ
쿠팡 이름들어가는거 자체가 모두 쓰레기
내 이름이 틀리다하면 난 외계인임?"
2021-06-07 00:52:32,1,0,0,별1개도 아까운 리뷰!!,"배움카드땜에 위촉증명서 발급해야 하는데.. 발급안해주는 ㅈ같은 ㄱ팡이츠는 이제 안합니다!!
솔직히 말해 별 1개도 진짜 아까워요!!
별 (-1)*10^무한 승으로 주고싶네요…"
2021-06-06 02:56:22,1,0,0,쿠팡 순 사기꾼들입니다 절대 하지마세요,첫 가입후1주일내에 10회 하면 3만원 준대서 했는데 미션 성공 안떠서 고객센터에 전화 하니까 5월24일부로 종료됐다고 합니다. 그럼 앱내에서 그런 이벤트 멘트 노출 안되게 해놓든가 개같은 놈들 그냥 이런거 일부로 노리고 알바하는 사람들 기만하는 사기꾼입니다 절대 하지마세요
2021-06-05 22:44:15,2,0,0,지도에 찍힌 위치랑 주소가 다릅니다,"지도에 찍힌 위치와 고객의 주소가 다른 경우가 번번히 일어납니다 
도로명 끝 숫자를 확인하고 들어가면 되겠죠
그러나 도로명 끝이 똑같지만 앞이 다른경우가 있어 잘못 배달한 일이 발생하여 작성합니다"
2021-06-05 03:45:31,1,0,0,배차 졸라 안잡히네요잉,일을 하라는건지 말라는건지 거짓말 안치고 한시간 켜놨는데 배차 안잡힘 18~19시에
2021-06-04 13:53:19,2,0,0,로그인이 안됩니다,"예전에 가입만 한 적 있어서 다시 들어가려 했더니 계좌정보랑 입력하는 페이지 다음으로 안넘어가져요
계속 이전에 가입했던 아이디로 로그인하라는데 처리좀 해주세요"
2021-06-03 01:03:05,1,0,0,다른명의 카드 결제 좀 해주세요,좀 제발
2021-06-02 21:21:12,1,0,0,기간좀 알려주세요,"가입잘못해서  회원탈퇴눌렀는데
관리자한테 문의 하라고 하면서  고객센터 전화하면
우리도 모른다고 그러고  다시 가입할수 있는 기간을 적어놔 주시던가 회원 정보를 수정을 직접할수있게좀 해주세요 아니면 크게 회원탈퇴하면 어떻게 된다 말씀을 적어주세요..  다시 가입하려는데 가입도 못하고 
관리자 문의 하라는데  확답은 없고  직원이 모르면 누가 아는 건데요..   가입을 다시 좀 하고 싶어요
이거 하려고 오토바이 산건데 몇일전에"
2021-06-02 12:40:28,1,0,0,ㅡㅡ,직선거리할증 개같네ㅋㅋㅋㅋㅋㅋ
2021-06-01 05:33:46,5,0,0,평점이왜이러는지...,오늘 처음시작해서 6시20부터 8시30까지 5건에 26300원했는데 지도도 보기엄청쉽고 틀딱들만계신가 ㅋㅋㅋ
2021-06-01 01:37:33,1,0,0,.,개스레기같은 앱 회원가입하고나서 로그인이 안됨 이름을 잘못 입력했다고 관리자한테 계속 문의하라는데 그 이름 내가 입력하지도 않았음 앱에서 저절로 인식해서 터치도 안되게 자동입력된건데 잘못 입력했다하면 뭐 어쩌라고 관리자한테 문의라도 하게 앱에 들어가게라도 해주던가 관리자한테 연락하는 방법을 알아야 문의를 하던가 하지 아니면 뭐 어떻게 하라고 방법 제시를 하던가 걍 이름 잘못 입력했으니까 문의 하셈~ 하면 다인가 뭐 어쩌라는거지 망했으면 좋겠네요~
2021-05-31 17:16:26,1,0,0,아니시발수신거부,아니 수신거부를 세번이나 해도 문자가 저녁에도 오고 아침에도 쳐오네 안한다고 ㅡㅡ
2021-05-30 14:11:02,1,0,0,"""관리자에게 문의해주세요""","앱이 너무 불친절해요... 
제 이름으로 본인확인까지 하고 
계좌입력하는 창에서 넘어갈수가 없어요...

제가 제 이름
제 계좌
제 주민등록번호까지 다 적었는데 
""관리자에게 문의해주세요""가 떠요. 
근데 대체 어디다가 문의해야하나요 ㅠㅠㅠ 
가입 좀 해봅시다 ㅠㅠㅠ"
2021-05-30 03:58:47,1,0,0,시스템이 왜 이런가요?,"해당 지역 지리도 몰라서 30분 40분 넘게 차로 뱅뱅 돌고 계시는 분들 하며..  콜이 얼마나 띄워지고 배달하시는 분은 몇분인지 경쟁률이 어떤지 제공되는 자료 하나도 없어서 어쩔땐 부르면 3분만에 오고 어쩔땐 30분이 걸려도 안와요. 
나이드신분들 부업삼아 하시는건 알겠는데 진짜 가게 사람은 답답하고 화나요. 제대로된 시스템 구축하고 다시 재오픈하던지 하세요 진짜"
2021-05-29 00:04:04,1,0,0,ㅈ팡이츠,쿠팡이츠하지마세요 ㅋㅋ 배달가지도않았는데 과도한거절? 그리고 7일정지 ? ㅋㅋㅋㅋㅋ참진짜 어이가없어서 4.5키로를 2500원주는데 누가갑니까? 배커한테 밀리니깐 배달료 낮추고 ㅈ팡이츠 하지마세요^^
2021-05-28 00:37:19,1,0,0,가입조차못하게 하면 하지말라고?,주민번호 이름 계좌번호 맞는거 처써도 주민번호틀렷다 이름틀렷다 개지랄하다 이젠아예 관리자한테 문의주떼용 ㅋ ㅃㄹ해결해주든가 아니면 안해 그지같아서
2021-05-27 22:49:25,1,0,0,제발 갈수있는 길만 배정해라,"자전거로 성남 언덕을 어떻게 다니냐구요^^
그러고선 취소하면 과도한 거절이래
기본급도 낮으면서 배민이나 할란다~"
2021-05-27 02:42:13,1,0,0,알림 울리는 시간좀 길게 해주세여,"알림 울린지 10초도 안 되서 눌럿는데
그새 끝내버리네...
길게좀 해줘요"
2021-05-26 03:27:25,1,0,0,절대하지마세요,차라리 배xxxx가 100배 나아요 그리고 한가지 충고하자면 서초구3 강남구2지역 나오면 배정취소 해버리세요 계속 가버릇하다보면 단가낮은 그쪽으로만 보냅니다 진짜 개같은 기업
2021-05-26 02:49:14,1,0,0,1점도 아까움,"-쿠팡측 잘못을 배달원으로 책임전가
-본인들 시스템 개선할 생각은 안하고 배달원한테 불합리하고 일방적인 태도
-배달 단가에 대한 부분 공지없이 수정
-q&a 및 문의사항 채널 부재 (일부러 그러는거 훤히보임)

이외에 배달파트너를 하지말아야 할 이유는 끝도없음.
초창기에 시장선점하려 파트너한테 선심쓰는척 하더니 꿀물 다 빨았으니 까라면 까라는 식의 경영"
2021-05-25 02:44:51,1,0,0,자꾸 이름이 틀리다고하네요,계좌번호와 이름 모든게 맞는데 자꾸 틀리다고 문의하라고 하네요 이럴땐 어떻게 해야하나요
2021-05-24 01:43:24,5,0,0,외국인은. 가입이안되네요 어떻게. 방법이없을가요,외국인회원가입. 업데이트좀요
2021-05-23 13:45:31,1,0,0,배달이 안잡혀,배달을 하라는건지 말라는건지 이거원
2021-05-22 08:05:12,1,0,0,주민번호 인증 오류,자꾸 제 이름이랑 주민번호랑 일치하지않는다고 뜨네요 ㅠㅠ 뭐죠
2021-05-22 05:01:35,1,0,0,아이폰에서 가입 안되는데?,요?
2021-05-21 20:11:28,1,0,0,쿠팡이츠 배달파트너 계좌,계좌번호를 등록하래서 모두 정확히 적었는데 관리자한테 문의하라고하는데 어디다 문의해야하는지 모르겠네요 이름이 틀렸다는데 이름은 아이 고칠수가 없는데 왜 그러죠?
2021-05-19 04:41:22,2,0,0,이름이 올자르지 않다고 관리자에게 문의,이름이 올바르지 않다고 관리자에게 문의하라는 소리만 자꾸 나옵니다 맞는데
2021-05-17 18:34:59,1,0,0,배달수단변경 몇달째안됨,변경신청을 계속넣어도 안바뀜 일하는 사람이 없습니까?
2021-05-17 09:46:26,1,0,0,시스템 개판임,"시스템 개판이다 진심  적어도 한번 먼데가면은 가까운
대로 배정을 해주던가해야지 무슨  저 멀리보내니. 
이거안하고 이제는 그냥 배달대행한다. 돈으로 매수할려는 쿠팡 대단해 ㅋㅋ"
2021-05-17 02:33:57,1,0,0,회원가입이 안됩니다,"다른 어플 다운받고는 회원가입할때 pass 어플이 정상 작동하는데 이 어플만 문자도 안오고 pass 어플도 작동을 안하네요

핸드폰 자체적인 오류인가 해서 재설정도 해보고 리부팅도 해보았습니다

쿠팡 이츠 어플 자체적인 결함 같네요"
2021-05-16 17:44:42,1,0,0,본인인증 오류,"전 왜 회원가입 휴대폰 본인인증이 안되는걸까요? 
답답합니다 왜그러는지ㅜ알고싶어여"
2021-05-15 22:41:13,1,0,0,본인인증 진행이 안됩니다,정보 다 입력하고 확인 눌러도 다음으로 진행이 안되요...
2021-05-15 20:40:45,1,0,0,가입 불가능.. 본인인증 안됌..,"어플 개선좀 해주세요 ㅠㅠ 

가입조차 안돼요
본인인증이 왜 안될까요
아이폰12 입니다"
2021-05-14 07:51:10,1,0,0,임금지불 14일째 안줌ㅋㅋㅋㅋ,"고객센터 전화하니까 자기들 담당아니고 이메일로만 처리할수있다는데 이메일 연락도 조또 안옴
이메일 연락와도 소통이 제대로 안이뤄져서 담당자가 내용도 못알아쳐듣고 진짜 쓰레기 배달알바 어플"
2021-05-14 04:34:18,1,0,0,지도좀 보자,"지도 좀 보려면 지혼자 원점으로 가버리고.
대략위치좀 보려고 확대하면 다시 제자리로 가버리고.1년전부터 그렇게 말해도 똑같"
2021-05-13 21:32:53,2,0,0,개선,좋긴하지만 몇분뒤에 음식이 만들어질꺼같다 이런거도 없고 배달민족처럼 소리도쫌 여러가지 있었으면 좋겠으며
2021-05-13 18:34:25,1,0,0,인증버튼이 안눌려요,가입하는데 인증버튼이 안눌려요. 아이폰입니다. 옆 사람 폰애서도 안되네요. 조치 부탁드려요.
2021-05-13 06:29:34,1,0,0,왜 가입이 안됨?,알뜰폰 사용자인데 개인 신상 입력하고 확인을 누르면 아무 것도 안뜸.. 나만 이런건가?
2021-05-13 01:34:04,1,0,0,가입안돼,ㅂㄷ 배민으로 간다
2021-05-12 17:44:05,5,0,0,리뷰 참,하지마 ㅂㅅ들아 니네말고도 할사람많르니까 드럽게 징징대네
2021-05-12 17:43:07,1,0,0,퀵 서비스나,"하시지 
단가 2-3천원 올려 놓고"
2021-05-11 08:45:30,1,0,0,이름을 올바르게 입력하라는데,내이름이 나도모르는 사이 개명됬나 ⫬⫬ 고객센터에 물어봐도 다시 전화올거라면서 2-3주가 지나도 연락이없네요~~그냥 배민 배달커넥터나 해야할판~문제점을 개선할생각을해주세요 제발
2021-05-11 00:32:23,4,0,0,관리자 문의,회원가입할때 이름을 올바르게 입력하세요하는데..
2021-05-10 20:02:20,1,0,0,직선거리 오바야,직선거리 오바야
2021-05-10 16:29:05,1,1,0,가입이안되요,가입잘차중 핸드폰본인확인 하는데 계속 확인/취소 둘 다 안눌러쟈요 껏다가 지웠다가 다 했는데도 안되네요
2021-05-10 13:58:23,1,0,0,가입 할려고 하는데 통신사 인증부터 먹통이네요,통신사 인증 받을려고 정보 기입하면 다음 단계로 안넘어감..... 확인해주세요.
2021-05-10 04:16:19,1,1,0,본인인증 불가,"아이폰 6 
ios 12.5.2
통신사 kt"
2021-05-09 06:47:27,2,0,0,배달지역,"배달지역 설정을 해서 그 지역을 계속 벗어남.. 이러다가 인천에서 배달 하다가 어느 순간 부산가있을듯
배달지역 설정 하면 그 지역에서 크게 안벗어났으면 좋겠음.."
2021-05-09 03:07:42,1,0,0,앱에 버그가 있는 것 같습니다,현재 사용하고 있는 iOS 버전은 14.4.2이고 쿠팡이츠 배달앱을 사용하면 간헐적으로 터치아이디가 동작하지 않는 버그가 있는 것 같습니다. 개발자 분들은 해당 동작 확인 부탁드립니다.
2021-05-09 02:06:59,1,0,0,이름이 왜다르다고하죠...?,이름이 다르다고 관리자에게 문의하라는데 가입조차못하게하시네요...
2021-05-08 06:15:38,1,0,0,가입이 안됨,뭐지? 핸드폰 인증을 해야되는데 핸드폰 인증 확인이 안눌림. pc가입은 애초에 없나? 나만 안되는건가?
2021-05-07 09:39:35,1,1,0,가입하려는데 확인 버튼 안눌러져요,뻥튀기가 개발하셨나 개판으로 해놨네
2021-05-06 18:25:05,1,0,0,쿠팡이츠와 배달파트너앱의 평가는 극과극,"배달파트너 착취해서 소비자에게 만점받는
쿠팡이츠 클라스"
2021-05-05 18:11:24,1,0,0,단가,걍 하지마세요 ㅋㅋㅋ 진짜 어이가 없네 엉망이에요 엉망~
2021-05-05 16:47:17,1,0,0,가입하려는데 알뜰폰은 인증이 안되네요,개선해주세요
2021-05-05 08:06:14,5,0,0,관리자님 가입하려는데 이름을 제대로 등록하라는디,뭔말이에요 이름 제대로 되어있는데
2021-05-04 06:39:29,3,0,0,진행중인 미션창,진행중인 미션창이 1-2초간격으로 깜빡입니다 아이폰12사용중인데 렉인가요? 어떤방법으로 고칠수있을까요?
2021-05-03 12:34:38,1,0,0,본인인증,아니 본인인증 정보 다 넣고 확인 누르려는데 며칠째 확인버튼이 안눌러져서 시작도 못하네 열받게
2021-05-02 04:57:52,5,0,0,부업 알바 개꿀,"8BN0GXDG
같이 합시다 주말에 할일없이 티비볼 시간에
나와서 움직이고 돈법시다"
2021-05-01 20:29:58,3,0,0,이름이 올바르지 않다고 떠요,관리자에게 연락하라고 계속 떠요...ㅜㅠ
2021-05-01 07:33:00,1,0,0,가입에서 오류나서 가입도 못하고,"핸드폰 껐다 켰다, 앱 깔았다 지웠다 하는데도 계속 뭐때문인지 렉 먹은 것 처홈 가입이 안됨, 아이패드에 깔아서 해봤는데 아이패드로도 안됨 ㅋ 핸드폰 문제가 아님, 혹시 계정문제인가 싶어서 다른 예정으로도 해봤는데도 안됨. 이건 그냥 어플 문제"
2021-04-30 22:55:09,1,0,0,가입은 되게 만들어라 쓰레기네,"본인인증 클릭도 안되게 만드는 기술력

오늘 엄청 놀랐다 이게 수조원 가치의 회사란게

기본이 안 되있네"
2021-04-30 21:40:03,1,0,0,가입 안됨,ㅋㅋㅋㅋㅋ
2021-04-30 10:40:44,3,0,0,로그인이 안돼요,로그인이 안돼요 관리자에게 문의하라는데요 이름을 올바르게 쓰지 않았다고 .. 근데 이름을 쓸 수가 없어요 뭐죠 ㅜ
2021-04-30 02:46:45,1,0,0,알뜰폰 가입 안됩니다,핸드폰 인증에서 다음창으로 넘어가지않아요
2021-04-29 23:14:17,1,0,0,전화 상담센터 개선이 필요해요,"다들 교육을 제대로 못받으셨는지 뭔지는 모르겠습니다만 어제 오늘 통화한 3명의 상담사 분이 놀랍도록 에티튜드가 동일하여 글을 남깁니다.

상냥하지 않고 퉁명스러운 말투와 톤까지는 이해합니다. 그런데 가입과정에서 당연히 서툴고 오류가 발생해서 센터에 전화를 했는데, 질문 좀 했다고 한 숨 쉬는건 뭡니까.. 태어나 상담사분이 한숨 쉬면서 “모르겠는데요 그건” 이런건 첨 보네요. 그럼 콜센터는 왜 있나요??

그리고 상담사 분들도 재택근무를 하시는지 상담중에 노래소리가 들리네요,, 작은 소리도 아니고 가사가 들리는 크기로.. 이것 또한 새로운 경험이었습니다."
2021-04-29 21:37:27,1,0,0,로그인이 안돼요,"이름, 계좌번호, 주민번호 정확하게 다 적었는데 왜 이름을 정확하게 적으라면서 안넘어가지죠,,?? 계속시도 하다가 이제는 주민번호를 바로 적으라면서 틀린 주민번호 여러번 시도해서 일정시간 인증 불가래요.. 계좌가 문제인가 싶어서 제가 가진 계좌번호 모두 적어봤고 주민번호와 제 이름도 정확합니다..
관리자에게 문의하라는데 로그인 자체가 안되니까 문의할 방법이 없어서 여기 남겨요 빨리 해결해주세요 밑에 보니까 다른 분들도 그런 것 같은데 앱 사용을 아예 못 하게 하시면 ,,ㅎㅎㅎㅎㅎㅎ 빠른 해결 부탁드려요"
2021-04-29 08:38:41,1,0,0,비행기타고 배달하냐?,"누가 배달을 일직선으로 합니까?
생각이라는게 있나요? 비행기 타고 배달하나요?"
2021-04-29 07:53:09,1,0,0,회원가입이 안돼요.,살면서 회원가입 안되는 어플은 처음봅니다... 3일째 도전중인데 안되고 고객센터 전화해서 물어봐도 모르네요. 신박한어플입니다 ㅡㅡ
2021-04-25 20:56:10,4,0,1,리뷰 작성 안되는거 같은대 사기꾼새기들,"배달앱아닌가요??네이버에 검색할땐 배달앱으로 시켜먹을라고 깔아서 가입햇더니 일다니고잇는사람한태 일시켜먹는 앱을 깔아서 선물해주내 뭐지...처음부터 배달알바라고 이름을 바꾸던가 ㅋㅋ
배달앱인줄알고 가입하는대 계좌번호에 주민번호에 다쓰고 들어가니까 배달갈 위치선정하라내..
뭐이딴 쓰래기앱을 만들엇지...개욕나오내요 ㅋㅋ"
2021-04-24 21:59:06,1,0,0,배달하기 진짜 불편.,"평점이 제멋대로 떨어지질 않나. 지도앱도 행선지를 찾기에 불편하게 되어 있고. 
지원센터에 전화해보면 결국 되는건 하나도 없음. 
쿠팡이 일하는 사람들 착취해서 지들 돈버는 거는 정말 잘 함."
2021-04-23 07:15:40,2,0,0,어플 가입 불가,본인인증 과정에서 자꾸 데이터요청에 실패하였다는 문구만 뜨고 다음단계로 넘어가지 않아 가입을 못하고 있습니다 기종은 아이폰11pro 인터넷은 아무 문제없습니다 빨리 해결해주세요
2021-04-23 06:29:54,1,0,0,배정받아서 가면 기다리기 일쑤,배달하나에 최소 10~30분넘게 기다리면 어쩌자는건지 모르겠네
2021-04-21 18:36:30,1,0,0,라이더소리에 귀 좀 기울이세요,"고객센터는 죽어라고 계속 통화중이고
차 막히는 시간대인데 고객은 늦었다고 평점 깎아먹고 AI가 나보다 빡대가리인지 한참 걸리는 곳을 직선거리만 계산해서 배치해주고
음식조리됐다 떠서 매장가면 한참 기다려야되고
매장 입점할 때 시스템 설명 좀 제대로 해주세요
업주가 라이더한테 뭐라합디다 열받아서 싸웠어요"
2021-04-21 05:49:47,1,0,0,쓰레기,진짜 돈 급해죽겠는데 콜 드럽게 안준다 많음인데 쓰레기같은 앱
2021-04-21 05:30:31,5,0,0,이앱은 관리라는걸 안하나봅니다,"별 한개주면 안볼꺼같아서 다섯개줍니다
앱 업데이트했는데 달라진것도없고 친구꺼랑 비교해보니까 아예다르던데 관리좀해주시고 배차도 주옥같고 직선거리 삥돌아서 직선거리보다 2.5배 더간거같은데 배달료도 주옥같네요"
2021-04-20 22:47:59,1,0,0,미쳤나봄 오늘 목표??ㅋㅋㅋㅋ,어처구니 없네요
2021-04-20 20:14:16,1,0,0,회원가입,회원가입이 안되요 자꾸최신앱을 깔아라는데 최신인데 안되네요
2021-04-19 22:21:22,1,0,0,꼭 !!! 봐주세요,"회원가입하는 과정에서 이름 석자 정확하게 적고 주민번호
이메일 다적었는데 이름을 정확하게 적으라고합니다 이것 좀 해결해 주시면 감사하겠습니다"
2021-04-19 02:13:42,1,0,0,로그인 흰색화면,"로그인 하면 흰색화면만 뜨거 아무것도 못합니다
나가려고 하면 최대 50000원 보너스만.있다고 하고 몇번 앱삭제 하고 깔고 했습니다"
2021-04-19 01:37:59,2,0,0,계좌입력란에서 넘어가질 않습니다,가입하려고 하는데 계좌 입력란에서 아무리 확인을 눌러도 다음으로 넘어가질 않아요
2021-04-18 21:09:22,1,0,0,계좌정보,계좌입력이후로 안넘어가는데요??
2021-04-18 19:00:32,1,0,0,앱 오류로 수락 받지 못했는데 수락율 떨어지고,"밤 열두시 넘어서 배달완료 했는데
자정이 넘어가서 배달완료 안한걸로 되서
배달율 떨어지고 이런일이 잦으면 
수락율, 배달완료율 떨어져서 앞으로 일을
하지 말라는건데 고객센터 문의해도
딱히 방법이 없다하고 뭐 어쩌라는건지
제발 좀 관리 좀 잘하세요
러이더님들 다 떨어져 나가기전에"
2021-04-16 17:36:49,1,0,0,지도좀 안움직이게 해주세요,일단 문제가 많아요 아이폰은 지도좀 안움직이게 해주세여 확대해서 볼려해더 다시 돌아오고 지도부터 안움직이게 고쳐주세여 누구어플은 업데이트되거 누구어플은안되거 똑같은거면 똑같이 업뎃되서 화면이 같아야지 개판이에요 진짜
2021-04-15 19:04:52,5,0,0,회원탈퇴,회원탈퇴를 해버렸는데 다시 가입하고 싶습니다 조치부탁드립니다
2021-04-14 07:24:02,1,0,0,그냥 노예앱,"피크시간에 콜도 잘 없고 2,500원이면 최저시급도 안 나오는데 누가 하냐??
꾸준히 콜 빼주는 파트너님들 그만 손절하시길"
2021-04-14 06:16:33,1,0,0,교묘하게 제한적이네요.,"피크타임 메세지들 확인 잘 하세요.
피크에는 오토바이 포함 되어 있다가 미션에는 오토바이만 빠져있습니다. (이런수법 잦아요)
피크타임 금액도 점점 줄이고 있고요.
그리고 이런걸 떠나서 투명하지 않아요.
피크타임 참여한 금액까지 명시되어 눈으로 확인해야 맞습니다.
굉장히 잔기술적인 표기와 눈가림으로 얼빵한 사람 털어먹는 행위에요."
2021-04-13 07:31:25,1,0,0,집에서먼곳만보내네,ㅡㅡ
2021-04-11 20:33:23,5,0,0,배달을 자유롭게 기사들이 배차를 잡았으면 좋겠어요,출금도 자유롭게 할수있으면 좋겠구요
2021-04-11 00:13:57,1,0,0,쿠팡이츠 개극혐,"쿠팡이츠 배달원 개극혐 하나 배송만하면 뭐하냐 서비스 마인드가 없는데 책임감이 없음 배달을하지말던가 개나소나 다 지원해서 배달하면서 담배나 쳐 물고 
내가 몇번을봤다"
2021-04-09 03:43:16,1,0,0,데이터 요청에 실패하였습니다,와이파이든 데이터든 왜 자꾸 새로고침 팝업이 뜨는 거죠 ㅜㅜ? 다른 어플은 잘 되는데ㅔ!!!!
2021-04-09 02:59:43,1,0,0,운영진분들 라이더분들 보세요,"주문량 무슨 6천원짜리 배달 잡혀서 갔더니 
6세트 봉지만 9개가 넘음 이걸 어캐 배달하라는겁니까? 차여서 망정이지 ;;그리고 적어도 매장가기전에 메뉴 정도는 알수있게 해놔야지  그래야 배달파트너도 배달거절을 하던 잡던할거아니에요 배달은 시간이생명인데 아직도 미리 라이더불러서 매장에서 10분이상 기다리게하고 이런건 개선되어야한다고 봅니다 그리고 거절한다고 패널티같은거 주지마세요 뭔 갑질이야;; 배달파트너들이 쿠팡잇츠 돈벌어다 주는겁니다 잘 생각해보세요!!!!
운영진분들 직접 배달 일주일만 해보시고 개선할부분좀 찾아보시고요 직접 해보지도 않고 무슨 배달앱을 개선하고 한다는거야 ;; 탁상행정은 매우 건강에 이롭습니다."
2021-04-09 02:49:37,1,0,0,거지냐,2500원 거지냐??
2021-04-09 02:39:26,1,0,0,서버문제,서버또다운네요ㅡㅡ 보상도 안해줄거면서 ㅡㅡ
2021-04-09 01:59:32,1,0,0,배달파트너 이벤트,"가입 후 10건 완료 시 3만원 지급 , 안전교육 이수 시 2만원 지급 이벤트 둘다 완료 했는데 입금이 안되길래 상담원한테 물어보니 담당부서로 이메일을 보내라고 하시네요. 약속된 금액이 입금 안된 것도 불편한데  참 황당하네요"
2021-04-08 05:32:31,3,0,0,위치 조작 프로그램 실행 시 제한 부탁드립니다,위치 기반 서비스가 주가 되는 앱인데 수익을 올리기 위해 위치 조작으로 악용하는 사람들이 많습니다 위치 조작 프로그램 실행시 앱 감지를 통해서 온라인이 되지않게 막아주세요 감사합니다
2021-04-02 20:25:54,1,0,0,이름이 두 글자라 가입이 안됩니다,주민등록번호 확인 계속해서 하고 번화번호랑 틀린거 하나 없는데 계속 이름을 올바르게 입력하라고 뜨네요. 아마 이름이 두 글자라 인식을 못하는게 아닌가 싶은데...
2021-03-30 23:55:33,1,0,0,주소가 길면 안보이고 네비 t맵 오류도,길바닥에서 목적지 찾아 헤매다 결국 주문 취소...산위 아파트 단지 상가 진입도 안되는 입주민 통로도 연결해 돌아나오기 반복...사고날뻔...아까운 내 1시간 물어내
2021-03-30 04:16:40,1,0,0,아니 도대체,왜 지도 확대하면 다시 현위치로 돌아가는건 대체 뭐임? 업데이트좀 해주던가 불편해죽겠음ㅡㅡ 지도를 보란건지 말란건지
2021-03-29 01:44:02,4,0,0,이름,내이름 쓰는데도 이름을 제대로 입력하라뜨네요 관리자한테 문의하라고합니다
2021-03-29 00:01:33,2,0,0,고쳐야 할점이 많네요,"1.  배송지로 가는 도중에  자세히 보려고 지도 확대하면 갑자기  강제로 최소화됩니다.  아파트 동수 자세히 보려고 할때 맨날 이래요
2.  갑자기 뜬금겂이 배달 잡히지도 않았는데 울리는 알림소리 문제  -> 어플 강제종료로 해결 해야합니다.

3. 길찾기 누르면 티맵 말고 네이버 지도나 카카오맵도 이용할수있게 해주세요
4. 이전 배달 목록도 볼수있게 패치해주세요."
2021-03-27 22:50:33,3,0,0,재가입 문의,"회원탈퇴를 하고 다시 가입을 진행을 할려고 하니깐 관리자 한 테 문의를 하라고 해서 전화 상담을 하니깐 회원탈퇴 하고 재가입은 어느정도 기간을 기달리고 나중에 시도를 해야된다고 전달 받았습니다.
기간을 얼만큼 기달려야되나요?
재가입 문의 답 부탁 드립니다!"
2021-03-26 01:54:24,1,0,0,배달 파트너들 왜 있냐,"기본 마인드가 라이더들을 잠재적 범죄자로 취급하며 어떤 도움도 안줌
얘네들 왜 있는거지?
말투 부터가 라이더들을 ㅈ들 밥벌이 도와주는 존재가 아니라 부려먹는 머슴으로 생각함
쥐뿔도 모르는 어린애들 앉혀놓고 ㅎㅎ"
2021-03-26 01:51:16,1,0,0,이거하는사람 진짜 하지마세요,"틈틈이 시간나서했었는데 
하지마세요 날씨 좋아지니 기본요금 내리는거보고
정떨어짐 건당 2500원 말이안됌 그냥 일반 배달하셈 쿠팡은 진짜 아님 해보면알거임 절때 하지마셈
배달도 안뜨고 기름값아까움 펙트임 거리도 어떡해 계산하는지 도로로 거리를 안따지고 도로도아닌곳으로 거리계산함 ㅋㅋ 골때리는 어플임"
2021-03-25 20:08:33,3,0,0,업데이트 나만 안되남 ?,계속 버퍼링 중 ... ㅜㅜ
2021-03-24 12:01:32,1,0,0,조까고있네씨팔새끼가,"갑질
단가후려치기
쓰레기기업"
2021-03-23 19:43:25,1,0,0,위치서비스를 왜 항상으로 바꾸었는지?,"처음엔 앱을 사용할 동안만 위치서비스를 켰는데
은근슬쩍 바뀌었네요?
앱을 켰을때만 위치를 켜고 싶어요
다시 수정해주세요"
2021-03-22 22:04:28,3,0,0,신청 문의,"안녕하세요. 제가 외국인데 산청할때 신청할수 없다고 나와요
외국인 불가능한가요?"
2021-03-20 09:44:17,1,0,0,단가를 왜 내리냐?,"2500원 단가?
이젠 진짜 더러워서 배민이나
요기요로 가려고 지금 준비중이다.
보험 심사만 넘어가면 된다.
이 이기주의 놈들아"
2021-03-20 03:15:18,1,0,0,배달거리 측정이 영 엉망인 맵.,혹여나 자전거나 오토바이로 하실 분들은 자연지리적인 요소 고려없이 직선거리로 그려넣은 배달거리에 애 많이 먹으실겁니다. 거리가 멀면 배달 수락하지 마세요. 힘들어질겁니다.
2021-03-18 18:34:57,3,0,0,"배달료 인상해줘요~ 배민처럼 좀 해줘요, 그럼 매일 해요","배민처럼 좀 해줘요, 배달료. 배달료 2,500원 너무 짜요~"
2021-03-18 04:28:26,5,0,0,재가입 할수 있는 방법 없나요? ㅜㅜㅜ,"가입했다가 사정이 생겨 한번도 배달해보지 못하고 탈퇴해했는데, 재가입이 안되는지 몰랐네요 ㅜㅜㅜ 혹시 재가입할 수 있는 방법 없을까요??"
2021-03-18 00:29:27,1,0,0,계정 만들게 해주세요,"만들다가 계정을 다 못 만들어서 다시 만들려하니
삭제된 계정이라고 나오고 업체에 연락하니 기달리라고
하더니 이제는 개별적으로는 복구 못해준다고 하시고
기다리라고만 하시고 언제쯤 풀리는건가요?"
2021-03-17 08:09:27,2,0,0,최소한,"아니 최소한 지방에 오픈을 하려면 가맹점이라도 많이 만들어 두고 오픈 해야하는거 아닌가요.
어지간하면 리뷰 안적는데 한 마디 남깁니다. 이상한 산길에 있는 기피대상 아파트도 그냥 대각선 줄 끄어서 기본요금 때리는데 취소도 안되고 가는데만 15분정도 걸리는거 취소도 안되고 할증도 안되는건 차후에 수정했으면 좋겠습니다. 그리고 시급한 문제는 가맹점이 딸려서 뭘 하고 싶어도 콜이 안잡힌다는 점. 희망지역 설정해둔거랑 상관없이 근처에 있으면 타 지역 콜 잡아버려서 취소도 못하고 유턴해서 처리하고 집에 들어왔네요.."
2021-03-17 04:52:18,1,0,0,야이 개 똘박들아,"이 색키들 낚시질 쩌네 피크타임 기본값 막 7천원 올려놓고 기사들 출근 하면 10-20사이에 단가를 2600원 떨어트리고 지랄이네 1인 1배달이면 다른곳 보다싼데 더 줘야 하는거 아니냐? 할증도 요금도 내리고 얼마나 등쳐먹어야 속이 후련하냐 이건 불매 해야함 승용차로 하는데 단가는 개구리고 진짜 2틀에 한번식 기름을 쳐 넣어야함 어제는 10키로 보내는데
4천원??최저 단가가 2600원인데 2500원 기본 요금은 뭐냐?? 음식 빨리 배달 해주면 뭐하냐 고객들한테는 니들만 좋은 평가받고 나머지는 그냥 무료봉사 해라 이거냐 적당히들좀 해라 기름은 땅 퍼면 막 중동처럼 솟아오르냐 그리고 매장 장난질좀 체크 하게 해줘라 음식도 안나와놓고음식 나왔다고 그러고 10분 더 기다리고 라이더들은 취소 할려고 하면 뭐?? 배달완료율?? 라이더 한테도 이 매장이 어떤 양아치짓 하는지 체크하게 해줘라이 매장 색키들은 지들 평가 좋아지게 음식 나왔다고 해놓고 가면 아무것도 없고 10분 더 기다린다 열라 빡친다 10분이면 한개 더 할때 픽업 가능한시간이다
이븅신들은 아주 갈수록 단가를 그지로 만드네 아 진짜 늙은이 넘들이 단합이 되야 단체로 배달 금지를 해야 하는데 늙은이들이 안하니 .. 이거 절대 돈 안됩니다 배민 기본 3600 2-3개씩 잡을수 있음 앞으로 어떡하나 보자 물건 잡고 졸라 버티다가 취소 해버린다"
2021-03-16 09:35:16,1,0,0,세상 기분더러운 헬알바,"오토바이로 전국일주!! 도보로 서울여행!!
신나는 단가 후려치기로 전국민을 쿠팡 노예로!!"
2021-03-16 02:24:53,1,0,0,10000원 이벤트라서 했는데,"배달했는데 알고보니 

밑에 강남구 서초구 10000원
마포구 용산구 5000원
만 준단다 

그리고
콜받고 영수증 보니까 80000원 찍여있는 보쌈대짜리인데 배달수수료 2500원 주네
배달도 접어야지 2500원짜리 노예됐네"
2021-03-15 22:20:30,1,0,0,도보나 자전거는 프로모션이 하나도 없고...,"이벤트는 차량만 있는건가요???
도보나 자전거는 콜도 안잡히고...
분명 배달건수 많음 이라고 떠있지만
낚시처럼 실제론 하나도 안잡히고
하루에 한건 했습니다..... 서러운 배달이였네여
얼어죽는줄 알았어요ㅜㅜ"
2021-03-15 21:51:06,3,0,0,배정 프로세스 개선좀 부탁드릴게요,"도보로 하고 있는데 계속 2키로, 3키로 넘는 거리가 배정되고 단가는 3100원....
자전거로도 힘든거리 만약 간다고해도 음식도 다 식으면 배달원 평점도깍이고 배정확률도 줄어드는 악순환이네요..
배정 프로세스좀 개선 되었으면 좋겠어요.."
2021-03-15 19:08:29,1,0,0,신규 3만원 사기네요,"신규가입완료후 7일이내 3만원 지급한다고 했으나 2/25일 앱다운로드후 안전교육 문자 하루뒤에 오고 시간 안되서 안전교육받고 3/3일까지 5건 밖에 못했다고 지급을 안하다니요
가입후 7일이내도 아니고 안전교육 완료일이 가입 완료일 아닌가요? 
사기적인 광고네요"
2021-03-15 03:12:36,1,0,0,전산오류,"자기들 전산오류로 배달하는 사람들이 페널티 입어야되는데 그에 대한 해결은 절대 이루어지지 않음. 평점이 고쳐지지도, 그에 합당한 보상도 없음. 이 일을 해결해야하는 책임자는 이러한 요구들을 자신에게까지 올라오지 않도록 상담자들에게만 미루며, 본인들은 아무 것도 하지 않음. 결론적으로 답이 없음."
2021-03-12 03:50:00,1,0,0,배달비 계산,"가게 운영하면서 아르바이트 겸 이제 하기 시작한 사람입니다.
3월2일부터 배달비를 낮췄더라고요. 
오토바이로 몇개씩 묶어서 가는 그 라이더들도 하나 배달하는데 이 돈보다 많이 받는거 아세요?
그리고 거리 계산을 위치를 대각선으로 찍으면 어떻게 합니까?
도로가 있는곳으로 네비게이션상으로 측정을 하셔야지
그리고 배달 거절하면 점수 깍아내리고
수정이 많이 필요하네요
진짜 엉망이네요"
2021-03-10 18:04:37,1,0,0,너무하네요,서울 아니면 콜도 별로 없는데 단가마저 2500원 멀리가도 할증 70원이고 심각합니다
2021-03-10 05:32:04,1,0,0,앱 에러로 인한 배달수익 손실은 배달파트너 잘못.,"2021년 3월 10일
주문번호 : 2DNCG0 혹은 2DNCGO
주문완료시간 : 16시 17분
배달수입 : 2500원

내가찜한닭 건국대점 > 건대 하이뷰 오피스텔

- 전, 후 배달건 평균 3600원 (당 배달건 제외 15:46 ~ 17:04)
- 배달완료과정에서 쿠팡이츠 앱 에러 발생
- 발생시간 당시 광진구 평균금액이아닌 쿠팡이츠 배달료수입 최저금액으로 측정

1차 문의전화
- 배달파트너지원센터에 해당사항문의
- 상담원에게 배달완료시간을 알려주고 당건에대하여 확인후 배달수입 수정요청
- 상담원 왈 “ 배달내역의 정확한정보는 확인할수없고 배달완료된건의 수입(2500원)만 확인 가능하다, 배달수락당시 측정된 배달수수료 캡쳐사진이없으면 본인들은 확인이 불가능하고, 또한 배달수수료 수정도 불가능하며, 이에대해 앱장애관련부서에 전달 또한 불가능하다. 이러한 문제들은 자기들이 확인할수없으니 배달파트너가 배달수락할당시 수수료를 캡쳐해서 제출해야한다. 혹시나 다음에 문제가 또 발생할수도있으니 배달수락할때마다 화면캡쳐를해둬라”

2차 문의전화
- 배달수락당시의 위치부터 음식 픽업한 매장까지의 거리, 매장부터 배달목적지까지의 거리는 확인되지만 수락 당시 측정된 배달금액은 확인이 불가능하며 배달완료되어 발생한 수익금만 확인가능
- 안드로이드 폰은 배달수락할때 화면캡쳐 불가능하지만 아이폰은 화면캡쳐가능하니까 다음부턴 화면캡쳐해라.
- 매뉴얼상 배달파트너가 증빙자료를 제출할수 없으면 담당부서에 전달조차 안되며 쿠팡이츠측에선 도와줄수없음.

결론 : 배달건 배차, 배달수수료 측정을 자동으로 하는 시스템을 가지고있지만 센터측에서 확인이 불가능하며, 모든 피해는 고스란히 배달파트너의 몪이다.
쿠팡이츠앱에서 발생한에러는 수락당시 화면캡쳐를 하지않은 배달파트너의 잘못이다.

아! 안드로이드 사용자라서 캡쳐가 안된다구요? 어쩌라구요, 아무튼 증빙자료없으면 안됍니다.

부디 쿠팡이츠를 시작하려는분들이 이글을보고 아이폰을 사용해서 배달수락할때마다 ‘화면캡쳐’를 열심히하셔서 배달수익을 손해보는일이 없으시길바랍미다. 쿠팡이츠는 자신들의 잘못을 책임질생각 없으니까요"
2021-03-10 00:34:53,1,0,0,쓰레기,이따구로 만들고 월급은 받나보네 범석아 미국가라 큰물에서 놀지 못 해서 시야가 좁구나 정직하지도 못 하고 스마트하지 못 해서 도전정신이 없네
2021-03-09 22:08:53,1,0,0,배달비 2500원,"쿠팡놈들 양아치들만 구성해서 만들어 놓앗습니다 2500원으로 인하시켜놓고 거리마다 돈이 오르는 시스템 ? 다른곳가서 픽업해서 주고 주고나면 또 그쪽 부근에서 잡혀서 만간에 지구 한바퀴 다돌면서 다닐꺼같음 
배달비 인상하고 시스템좀 가꿔주기를 양심도 없나"
2021-03-09 16:43:26,3,0,0,배달 희망지역이 의미가 있냐,"강서구로 저장했는데 왜 자꾸 내가 강서구에 있으면 목동 한복판에 보내는거여

ㅋㅋㅋㅋㅋㅋㅋ"
2021-03-09 01:26:03,1,0,0,"단가가 2,500원?ㅋ","이게 말이 되나요ㅋㅋㅋㅋ 한시간에 아무리 배달 가도 고작 3건 그마저도 배달이 안잡혀서 보통 2건 밖에 못하는데 
3건했다고 치고 7,500원 밖에 못받는데 
주유비,인건비,보험비,생명위험 
이런것들을 종합했을때 3,100원도 적은건데 오히려 내리다니 진짜 대기업 횡포밖에는 말이 안나오네요.
개인적으로 온가족이 쿠팡에서 물건도 자주사고 쿠팡잇츠도 자주 이용했는데 배달하는 분들 기만하는 쿠팡 앞으로 이용 안합니다.
혹여라도 돈버실 생각으로 쿠팡잇츠 배달 하실거면 이 글 보시고 깊이 고민해보세요..^^"
2021-03-08 17:50:21,1,0,0,쿠팡의갑질,프로모션은 낚시용으로 돈은 별핑곌 다대면서 안주고단가는2500원으로 후려치고 정작 소비자내는돈은 똑같고 점주들은 배달원안잡히고 3마리토끼 다잃는다 멍청한 악덕친일아
2021-03-08 17:02:52,1,0,0,ㅈ팡 ㅋㅋㅋㅋㅋㅋㅋㅋ,괜히 ㅈ팡ㅈ팡 하는게 아닙니다~~
2021-03-07 07:52:58,5,0,1,2500,2500원에 누가배달해줘 8키로 4천원ㅋㅋㅋ어처구니가 없음 쿠팡삭제
2021-03-06 23:18:11,1,0,0,"지도 자동확대 수정,,,","지도 자동확대 수정이 시급함
보라고 만들어 놓은것인지 의문임"
2021-03-06 07:10:50,1,0,0,2500원 쿠팡,"평점 있어 수락률있어 

기본단가 거리단가 30프로 낮춰놓고
원거리 보상강화라고 거짓말해

쿠리어 안나오니까 잠깐 단가 올렸다가
2500원으로 내려갈때까지 배정안해줘

예정 5000원 해놓고 실제로키면 2500원줘

예상 4000원인데 수락하면 3500원나와

고객센터는 한국말도 어버버해
뭐물어보면 내부사정이라 알려드릴수 없어

고객과의 소통 x 

그리고 음식식어서 오는데 환불도 안해줘

당신같으면 하겠어?

고객센터 한번 전화하면 전화는 먹통에
처리하는데 1시간걸려

ㅋㅋㅋㅋㅋㅋㅋㅋㅋㅋㅋㅋㅋㅋㅋㅋㅋㅋㅋㅋㅋㅋㅋㅋㅋㅋㅋㅋㅋㅋㅋㅋㅋㅋㅋㅋ"
2021-03-06 00:53:01,1,0,0,이츠 라이더 타임?,개 ㅈㅅㄴ 이츠 노예 타임~
2021-03-05 21:30:27,1,0,0,ㅈㄱㅌ 쿠팡,2500원 너네나 해라 에라이 쓰레기 쿠팡
2021-03-05 19:15:12,1,0,0,속지마세요,이벤트라하는 금액들 깜깜이정산에(운좋으면 받고) 민원넣으면 2~3달뒤에 답변 받을 수 있어요. 건당금액도 수행 전후가 틀리니 매번 캡쳐해서 증거자료로 제출해야 받을 수 있다고 고객센터가 안내해주는 멋있는 기업~ 뭐하나 투명한게 없네요. 거짓 광고에 현혹되지 마시길 바랍니다.
2021-03-05 04:24:18,1,0,0,지역구설정왜하는건가요,"어차피 내지역아닌곳도 콜주면서 
도보,자전거,오토바이,차량등록은 왜하는건가요.
자차등록과 무관하게 콜을 터무니없이주면서 
그럴듯한말들로 손님과 라이더. 업주들을 우롱하는짓ㅉㅉ
진정 1대1 빠른배송을 광고하려면 현실에 맞는 콜과 현실에맞는 수수료 할증비를 주세요. 
진짜 3100원일때도 최저시급안되도 그래도 평점관리신경쓰고 수락율신경쓰며 최대한 빨리가려했는데 지금보면 괜한짓이였다는 현타가옵니다."
2021-03-04 05:16:06,1,0,0,지금까지 배달파트너들이 고생했는데...,"배달파트너들 겨울엔 강추위에 여름엔 무더위에 개고생하면서 쿠팡이츠 키워놨더니 배신하는건가요?
기본요금 2,500원이 뭔가요?
희망지역 설정해놔도 다른곳으로 보내버리고...
그것때문에 타지역에서 희망지역으로 매번 와야하구요. 그냥 계속 온라인으로 해놓고 배달하면 서울한바퀴 돌아 정도로 희망지역 설정은 아무 의미가 없네요."
2021-03-03 22:29:35,3,0,0,제가 사는곳은 너무 지방이라,"사람들이 쿠팡이츠는 안쓰고 배민이나 요기요를 많이 쓰나봐여 주문이 한톨도 없스여..
일해라 쿠팡이츠..!"
2021-03-03 21:22:12,1,0,0,상식이 없네,"단콜에 2500원??ㅋㅋㅋㅋㅋㅋ
배달에 대한 기본적인 지식은 있고 시스템 짜는거냐?ㅋㅋㅋㅋ"
2021-03-03 20:21:45,1,0,0,왕복 12.6키로,"물론 가는길은 6.3키로 올때는 빈차로 와야하는 동네
ㅋㅋㅋㅋ 고객센터 전화해서 물어봄!!
왕복 12.6키로를 5800원에 보내면 어떻게해요?? 자동차로 다녀오는데 이게 정말 맞는 금액인가요??
고객센터는 자기네 계산상 맞다고함 ㅋㅋㅋ 이게무슨 장거리 배달하면 더 나오는거냐 ㅡㅡㅋ
이츠 배달 하시는분들 수수료만 때어먹고 쿠팡은 배달료 그대로 받아요 ㅋㅋㅋㅋㅋ"
2021-03-03 19:17:23,5,0,0,가격다운에 콜도 안오고,"가격다운됬는데도 콜은 더 안오네요.
피크타임에 한시간넘게 기다려도 없음.
배달이 이렇게 없어서야 원 ㅠ"
2021-03-03 04:08:29,1,1,0,누가하겠냐 ㅋㅋ,"동시배달도 안되고 한집에 하나, 취지는 좋다 이거야ㅋㅋ 근데 단가도 동시배달 가능한 타사보다 안쳐주고 그와중에 시스템 안정되었다고 단가 점점 더 내리고 배달하는 입장에선 타사보다 메리트가 하나도 없는데 누가하겠냐 ㅋㅋ"
2021-03-03 00:29:00,1,0,0,최악,2500원받고. 누가해. 기본 20분 기다리는데.
2021-03-02 05:16:14,1,0,0,확대 축소좀 고치라고 진짜 ㅡㅡ,몇달째 방치하냐 ㅆ
2021-03-02 02:19:46,1,0,0,30개 배달중 리뷰4개 그중 역따 1개 잡히니 콜안줌. 레전드,가방쓰고 도보로 코앞거리인데 뭐가 늦고 뭐가 식었다는건지는 모르겠지만 4개중 1개 역따 받으니 평점 75에 레드존 잡히면서 콜 바로 안줍니다. 고객센터는 손님이 많은곳으로 이동하라는 소리만 하네요. ㅋㅋㅋㅋ 갑질 레전드
2021-03-01 09:25:39,1,0,0,가입오류,가입하려고하는데 이메일이랑 이름적는곳에서 다작성하고 확인누르면 관리자한테 문의하라고 하는데 계속이러는데 제대로좀고쳐주시면안됩니까?
2021-03-01 06:37:52,1,0,0,완전개판,완전개판
2021-02-28 19:36:18,1,0,0,해보려 하는데,"전화번호 인증문자 자체가 안오네요
왜? 유심을 다른폰으로 옮겨도 보고 
차단 설정 된 번호가 있을까 스팸 문구도 해지해보고 
해도 인증번호가 안오네요 
돈 벌고 싶어요"
2021-02-27 23:39:11,1,0,0,애플 리뷰어 저리가라 대응,지리고요 지립니다
2021-02-26 06:31:59,5,0,0,쿠팡이츠 계정복구좀요,예전에 가입했는데 삭제되었다고 떠서 문의합니더
2021-02-25 03:30:37,3,0,0,콜 들어올때 맵 확장해서 봅시다,"콜이 오면 맵을 잔뜩 축소해서 정확한 위치 파악을 못합니다. 잡고보면 말도 안되는 동선으로 보내놓고 다시 빈차로 오려면 자동차 운행자는 기름값도 안나오고 피크타임 그냥 지나버립니다.
외려 애매한 콜 거절하는것보다 근처에 있는 파트너분들이 스스로 동선 그려서 이동하도록 맵 확장기능을 오픈하는게 쿠팡측에도 훨씬 효율적이라고 확신합니다"
2021-02-24 04:23:58,3,0,0,배달 평점 이건 좀 너무하네요,"가게에 일찍 가면 뭐 합니까 음식이 안 나오는데 그런데 늦게 배달 햇다고 평점 깍아버리는건 이건 너무 하지 않나요? 이렇게 할거면 매장도착은 왜 누르고 픽업은 왜 누릅니까 어차피 늦으면 기사들 평점만 깍으면서... 
그리고 직선거리는 얼마 안되 기본배달료 떳지만 그곳은 강을 지나가야되서 한참을 돌아가야 하는 곳인데... 기본 배달료도 기분 나쁜데 늦게 배송햇다고 평점 깍아버리니 정말 짜증나더군요"
2021-02-23 23:17:43,5,0,0,계정삭제문제.  문의합니다.,"가입도중에 중단 했더니 계정이 삭제가 되었고 
다시 가입조차 안되네요?   어떻게 해결 가능한지요?
소통 창구도 없고..  오토바이구매에 보험까지 가입완료 했는데 이것참;;  공식 교육사이트에서 시험까지 완료 했습니다."
2021-02-23 15:46:39,3,0,0,아이폰 11유저입니다,가게에 콜이 들어올때 밀어서 수락하기가 맨 아래화면에 나오는데 아이폰특성상 멀티앱보기로 자꾸 눌러지려고 해서  불편해요 맨위로 표시가 나왔으면 하네요
2021-02-22 17:07:04,5,0,0,미성년자 가입,저 02년생으로 올해 20살 됐는데 왜 미성년자는 가입이 안된다고 뜨는건가요..?
2021-02-20 02:54:13,1,0,1,주문 수락 눌렀더니 바로 조리완료 떠서,"급하게 걸어갔는데 아직 조리되지 않았더라구요
그래서 그런지 제 평점에 '늦은 배달'로 고객이 안좋게 평을 해서 강남구에서 주문 많은시간에 두시간 온라인했는데 단 한건도 들어오지 않았어요 제 잘못도 아닌데 이렇게 배정안되는게 평점 때문인지 억울하네요..그것도 안좋은평가는 하나인데.."
2021-02-19 08:36:18,1,0,0,안전교육사이트 안들어가집니다.,안전교육 이수해야 배달하는데 안전교육 사이트는 안들어가지고 일주일 내로 10번 배달해야 3만원 준다면서 안전교육을 이수못하면 배달은 어찌 10번 채우나요?
2021-02-19 00:52:51,1,0,0,별이 왜 1개부터일까,등록 자체가 안되는 경우가 있네요. 사이렌24를 하고 와야 한다는 것도 충분한 설명이 없기도 했고 등록한 이후에도 안되는것에 대한 방책이 없네요. 관리자에게 문의하라고 뜨는데 막상 전화해보니 어떤 문구가 뜨는지도 모르고 허접한 기술에 계속 실명등록 얘기만 하는 상담 메뉴얼이 굉장히 별로네요. 저는 결국 가입도 안하고 삭제합니다.
2021-02-18 01:41:58,3,0,0,자전거 배달,"자전거 배달 같은 경우 피자를 배달할 수 없는데 
피자가게 콜 받게되어 취소했는데 수락률 떨어뜨리는 건 너무하신거 아닌가요? 배달 수단 정보 확인하고 매칭시켜주시든가 개선 부탁드려요"
2021-02-17 03:23:13,1,0,0,가입,제이름과 주민번호 잘 입력했는데 뭘 자꾸 이름을 똑바로 입력하라는거죠
2021-02-16 22:43:40,3,0,0,프로모션 관련,"점심 저녁시간 프로모션 1건 배달완성하면 5,000원 준다는건 왜 오눌구입에 합산되지 않나요?
또 정산 될때 세금 3.3%와 등등이 빠지는 내역서는 정산시 받지 못하는건가요?

프로모션 성공시 배달완료 시점이 끝나는 시점 전에 배달 완료가 되어야 받는건가요? 아니면 콜을 받는 시점에 끝나는건가요?"
2021-02-16 19:46:54,1,0,0,진짜 하지마세요 ㅋㅋㅋ할생각도 하지마시고,이제 배달료또 내려요 ㅋㅋㅋ매장에서는 배달료 더받고 ㅋㅋㅋㅋㅋㅋㅋㅋㅋㅋㅋㅋㅋㅋㅋㅋㅋㅋㅋㅋㅋㅋ
2021-02-16 01:22:04,1,0,0,로그인 시도횟수 초과하면 뭐 어카라고,안내를 해주던가 초기화를 해주던가해야지 시팔
2021-02-15 21:13:14,3,0,0,ㄱㅊ은데,"지도 축소 확대 하는것 좀 하게해주세요ㅠㅠㅠ 축소해도 1~2초 이내로 다시 원상복귀 되고,,ㅠㅠㅠ 저만 이런건가요,, 아이폰 11입니다,,ㅠㅠ"
2021-02-14 18:28:29,1,0,0,이번 설 이벤트로 확실히 알것어.,"별하나도 아깝다. 
라이더들 개호구로 아는거지. 이벤트타임되면 배달률 적음으로 뚝 떨어졌다가 타임끝나면 배달률 올라가는거 실화냨ㅋㅋ 배달률 높아져서 나가볼까 하면 다시 뚝 떨어지고. 배달률로 라이더들 끄집어내서 호구만들고 어차피 나왔으니 몇개 하겠지 하는 꼼수로 가격내려서 단가만들고. 너무 하는짓이 뻔함. 
앱 직관력은 말해무엇.. 어디서 초짜불러놓고 굴러가게만 만들어놓은 쓰레기앱.. 배달평점은 왜있는지.. 좋아요 16개 받고 싫어요 하나받았더니 바로 노란색 되고. 뭐땜에 받았는지는 알게해야 개선을 하든말든. 이유도 모른채 받으니 기분 ㅈㄴ더러움..ㅡㅡ 
글고 주문자들 문자로 달라는거 안된다고 공지를 하던지. 임시번혼데 문자는 왜보내라는거여. 
쓰다보면 불만사항 개많지만 할말하않. 암튼 총체적 쓰레기임. 난 적당히하다 갈아타련다. 빠이"
2021-02-14 02:57:17,3,0,0,배달하는 사람이 많은 피해를 감수해야하는 시스템,"매장에서 음식 조리 완료되지도 않았는데 완료를 누르면 배달파트너들은 기다리기만 하다가, 고객은 우리가 늦었다고 컴플레인을 거네요. 
함부로 배달 완료 좀 못누르게 하면 안되는건가여? 
아니면 매장에 페널티를 물려야 하는거 아닌가여?"
2021-02-14 02:09:13,1,0,0,별 하나도 아까워  여러분 하지마세요 제발,"뭐하자는거냐 쿠팡  ㅋㅋㅋㅋ 콜도 하나도 안뜨고 혹시나해서 하루종일 켜놨는데도 안뜨네 진짜 사람가지고 농담 따먹기하나 크리스마스때도 그렇고 설날때도 그렇고 거짓말 치네  배달 하는사람들한테 뭐  장난 하는건가 빚 어마 무지 하게 많던데 프로모션 한다고 구라치고나 있고 
제발 구라좀 치지 마세요 제발 ㅋㅋ 도보나 오토바이나 콜 하나도 안떠요 하지마세요 여러분"
2021-02-12 06:07:39,3,0,0,볼륨문제 해결 부탁드려요,배달 한건 하고 나면 볼륨이 0이 되어서 다음 콜 온지도 모르게 넘어간게 한두번이 아닙니다 볼륨0되는것좀 어떻게 고쳐주세요
2021-02-12 03:25:44,1,0,0,아니 수락률이 엄청떨어져있는데,"내손으로 직접 거절누른게 몇번이없는데ㅡㅡ
아이폰은 콜들어오면 나는소리가 엄청작습니다ㅡㅡ"
2021-02-12 02:48:22,1,0,0,문제가 많음,"일단 콜 수 자체가 너무 적음.
그리고 말도안되는 평가제도 때문에 한번이라도 부정평가 받으면 그나마 적게 오던 콜도 안뜸.
방금 두시간동안 대기만 하다가 들어왔음."
2021-02-11 17:33:55,1,0,0,설날이벤트 대에박,"모두 새해 복 많이받으세요 

크리스마스 이벤트에 이어 이번에도 만원짜리 이벤트? 하면뭐해 하나도 안주는데 ㅋㅋㅋㅋㅋㅋ
5시반부터 9시반까지 켜놨는데 9시반에 7000천원짜리 달랑 한개들어옴 ㅋㅋ
그냥 이벤트를하지마세요 뭔고생인지"
2021-02-11 07:56:46,1,0,0,콜안옴,"처음에 도보로했는데 수락률낮아져서 콜이 하나도 안옴 유령계정됨 콜이와야 수락율을 올리죠 방법도 없고 고객센턴 전화받은적없고 질문보내도 답장없음
자동차로 해도 콜 별로 없고 설날이벤트 5시부터 5천원이라더니 5시30분부터 오천원변경되고 만원이벤트 할땐 대부분의 사람들이 몇시간동안 콜이 하나도 안잡힘"
2021-02-11 04:08:36,1,0,0,4시간동안 0콜,"프로모션한다기에 켜놨는데 4시간동안 한 콜도 안 주는 건 뭐하는거냐
나만 그런것도아니고 오픈톡방 들어가면 다들 그런다
프로모션한다고해놓고 도보 킥보드 자전거 기본요금으로 몰아주고"
2021-02-11 02:53:35,1,0,1,비효율적임...,"단가는 너무 후려치고...
자동차로하면 오토바이보다 최소단가를 더주던가 기본3100원에 좀있음 2500원으로 내린다고하고 기름값도 안나오고 콜은 진짜 너무없고 3~40분에 하나뜨고 할증요금 안주려고 직선거리로 계산하고 다른회사랑 차별화가 있어야하는데 더심하게 숟가락얹어서 사람 이용해먹는느낌...생각보다 너무 비효율적임..."
2021-02-11 01:38:50,2,0,0,프로모션하면머합니까,콜이한개도없는데 낚시입니까!!
2021-02-10 05:30:35,1,0,0,ㅈ리네,"40분 켜놓으니까 3천원짜리 하나 걸리네 ㅋㅋㅋ
차라리 배달대행이 더 좋을듯 쓰레기 쿠팡이네요 ㅋㅋㄹㅈ"
2021-02-09 18:52:08,1,2,0,진짜 장난함?,도보로 해놨는데 총 4.5km 짜리 주는건 어쩌란거임? 자전거로 할때도 그정도거리 안가는데? 심지어 3천원대였음 ㅋㅋ 또 수락률 내려가서 콜 안잡히겠지~
2021-02-09 17:29:04,1,0,0,개선좀,단가도 너무 후려치고 콜도 안뜨고 피크타임 편도 7km를 4000원이 말입니까
2021-02-09 15:27:07,1,0,0,자전거 배차 심각합니다.,"처음에 도보로 해봤는데 생각보다 나쁘지 않은 거리 위주로 배차가 되서 좋았습니다.
그런데 자전거로 변경하자마자 ㅋㅋㅋㅋㅋ
이게 바로 개 노답배차구나~ 했네요 ㅋㅋ 
내위치 -> 식당 = 1.3키로  
식당 -> 고객 = 1.8키로 
총 거리 = 3.1km 미친거 아닙니까?
최대 총거리 4~5키로까지 배차 되는거 보고 
할 말을 잃었습니다.
오토바이도 아니고 거리대비 시간대비 정말 비효율 배차입니다."
2021-02-09 04:00:16,1,0,0,로그인횟수초과,"비번을 잊어서 재설정하고 다시 로그인 하려는데
로그인횟수초과라고만 나오고
어찌 조치해야하는지 안나와요"
2021-02-09 03:40:57,1,0,1,아니 생각해보세요,"아니 도보 배정은 걸어서 7분이내로만 배정해준다고 교육 받았는데, 배차와서 매장가서 15분이 넘게 기다리는게 이해가 되시나요..?
개선 요구가 다른 파트너분들도 굉장히 많았는데, 대체 언제 개선되나요???
참...배정취소하면 배달율 떨어지고 ..무슨 이런 경우가 ..??? 15분 넘게 기다리게돼서 배정 취소했습니다. 빨리 개선해주세요. 몇 분 기다리는게 아니라 15-20분은 진짜 심하잖아요. 쿠팡이츠 고객들 빨리 배달해쥬는 것도 중요한데, 파트너들 시간도 중요합니다. 파트너들 없으면 배달해줄 사람 없는거 아닙니까?"
2021-02-07 18:38:05,5,0,0,네비게이션 설정에 카카오맵도 넣어주세요!!,꼭이요!!
2021-02-06 11:14:32,1,0,0,가입이 아예 안되는데요?,멀쩡하게 이름 주민등록번호 다 적었구만 자꾸 관리자에게 문의하라고 뜨고 이름 제대로 입력하라고 뜨네요 싸이렌 24 들어가보니까 뭔 아예 클릭을 먹지도 않고 컴퓨터로 들어가보니까 며칠전에 받아둔 공동인증서가 없다고 뜨질 않나 답답해 죽겠어요 개선 점 해줘요 제발
2021-02-06 01:00:34,1,1,0,역겹다잉,피크타임 이벤트라해놓고 이벤트전 시간에 콜 들어오다가 이벤시간되면 개조용함ㅋㅋㅋㅋ그러고 이벤트 끝나면 콜 들어옴 ㅋㅋㅋ웃긴새키들이넼ㅋㅋㅋㅋㅋ그럴거면 왜하냐 ㅋㅋ?
2021-02-05 16:54:07,1,0,0,로그인횟수,로그인시도횟수가 초과되었다고 로그인이 안되요
2021-02-03 22:47:32,1,0,0,아이디 만든적이 없는데,왜 안되나요 관리자에서 문의 하라고 하는데 번호는 어디에 있는거죠? 이게 돈을 벌라는건지 개고생 시키는건지 모르겠네요
2021-02-03 09:46:13,1,0,0,갑질 적당히 해라 하청업체출신들이 더 악질이지,ㅋㅋㅋ 단가장난딜 심하네 ㅋㅋㅋㅋㅋ 쳐돌았냐 ??? ㅋㅋㅋㅋㅋㅋ
2021-02-03 08:08:28,1,0,0,일반배차좀 만들어줘요,"ai배차 보다 일반배차로 고를수있게해주세요
콜 거절하면 불이익있어서 거절도 못하고
별내에서 콜잡았는데 갈매에서 음식픽업하고
중랑구까지 가서 배달했습니다"
2021-02-03 01:54:53,2,0,0,휴,자전거로 가는데 거리가 너무 멀게 떠요. 그거에 비하 기본급이고.... 그리고 알림뜬 내용 보려고 누르면 알림이 그냥 사라져버려요. 알림을 모아서 볼 수 있는 곳 좀 만들어주세요.
2021-02-03 01:31:25,1,0,0,제발 업체들 음식좀 다 하고 부르라하세요,제발 업체들도 음식좀 다하고 부르라하세요 맨날 가서 기다리기나 하고 이게 뭡니까 어플이 개선해야지 이런 부분
2021-02-02 19:36:04,1,0,0,계정 가입자체가 안됐는데 어플자체를 이용할수 없다니요,"계정 가입하려다가 면허번호가 오류났다고 하기에 
다시 확인해보려고 중간에 어플을 잠깐 나갔는데
다시 가입하려고 하니까 삭제된 계정이라고 뜨고
관리자에게 문의하래서 전화하니까 
어떤 4사지 없는 여자가 전화받고는 문자 안받았녜서 문자 받은게 없다고 그럼 어떻게 못해준다고 
근데 왜 온갖 짜증이 난 목소리로 언성을 높이세요? 
그럼 이용할수 있는 방법이 없는건가요 
문자도 받은게 없는데요 라고 얘기한게 뭐 그렇게 짜증이 날까요 
문의전화 받는사람이 지 승질도 컨트롤 못해서 어쩌자는건지;"
2021-02-02 08:49:11,1,0,0,걍ㅂㅅ들ㅋㅋㅋㅋ,아직 ㅈ팡하는 흑우 없제?
2021-02-01 23:37:02,1,0,0,개선할 의지는 있는 건가요?,"배달평점 부당하게 깎인 부분이 대해서 의견 보내도 뭐 응답도 없고 뭐 빠지게 문제없이 배달하다 문제없이 배달 완료해도 재수없이 아무 이유도 모른체 배달평점 하나라도 깎이면 바로 콜 안 들어오고,,, 배달파트너 계속 유입시키는거 기업 입장에선 이해 되는데 양질의 배달서비스 꾸준히 유지하고 싶으면 배달완료 횟수량 높은 배달파트너들이 부당하게 패널티 받는 부분을 개선해 주셨으면 좋겠네요"
2021-02-01 21:18:03,2,0,0,회원가입도 안되네요,이름쓰고 가입하는데 계속 이름을 정확하게 적으라고만 뜨네요
2021-01-31 21:07:43,1,2,1,배달평점,"(별5개 좀 보라고)^^평점이 좋아요6개 싫어요2개 
수략률93퍼 솔직히 거의 다 수략하는데 왜 93퍼인지도모르겠고 배달 완료율 100퍼 7일동안 91회 아침10시부터 나와서 새벽 1시 넘어서까지 열심히 일 했는데 싫어요 2개받고 평점 75퍼 받고 담날부터 하루에 3건도 간신히 함 ㅋㅋㅋ 진짜 이거 하는 우리도 고객이에요 양반들아 누군 수락하려다 잘못눌러서 거절될수도있는데 나도 그랬었고 근데 잡자기 그거 몇번 거절했다 뜨면 배정도 안되고 진짜 하루에15개이상 했던게 지금은 배정 1도 안잡힘 제발 평점매긴다니 개 쓰레기같은거 연구하지말고 일 하는 우리입장좀 생각해서 만들자 배달파트너 만든 사람들 생각이 없는거같다ㅋㅋ조롱이 아니라 사람들이 리뷰 쓰고 하는건 다 이유가 있어서 쓰는거다; 평정 없애라 이 힘든거 하는 사람들은 나 포함 호구가 아닙니다 제발 생각하고 또 생각해서 개선하고 고칠거 고치세요 도보인데 강남에서 서초 가는것도 개힘든데 배정좀 제대로 해주던가 돈이라도 올려주든가 ㄹㅇ 배민에도 라이더 평가하는게 없는데 배달하는사람 평가질은 왜 한다냨ㅋㅋ어이가없다 진짜 리뷰 처음써본다 답답해서 개선좀해줘라 윗대가리놈들아"
2021-01-31 08:50:19,1,0,0,수락률,아니 제가 일부터 콜 안한것도 아니구 하루 수락률이 38프로라 콜도 잘 안잡히구요 지금 가뜩이나 현장도 안잡혀서 하루살이마냥 살고있는게 콜도 별로 안들어오고 저녁에는 좀 잡히지만 수락률을 왜 만드신건가요 그리고 매장에 한번 가서 기다리는 경우도 있는데 어느정도 조리가 되면 콜이 울리는 방식으로 바뀌었으면 합니다.
2021-01-30 23:19:09,1,0,0,앱 제작자들은 리뷰 안보죠?,앱내 지도 좀 제대로 볼 수 있게 안해주나? 제발 확대 축소 좀 내가 할 수 있게 해달라고. 왜 좀 자세히 보려고 확대하면 지좆대로 강제축소해버리냐고. 좀 냅두라고.
2021-01-30 16:58:52,1,0,0,배달이 안 잡힘,"배민 하다가 프로모션 받으러 넘어왔습니다. 도보로 했고 일주일 안에 10건 채워야 프로모션을 받는데 10건을 채울 수가 없습니다. 

계속 틀어놓고 배달 집중 지역에 있어도 배달이 안 잡힙니다. 주말 내내 집에서도 틀어놓고 외출할 때도 틀어놓았는데 총 배달 3건 잡혔습니다. 

배민은 그래도 계속 잡히기는 합니다."
2021-01-30 03:41:13,1,0,0,엉망,"저번에 가입전에 콜센터 전화하니깐 연락받고 문자발송
연락 끊고 보내준다해놓고 8시간뒤에 오더군요;;
그리고 분명 콜이 뜨자마자 드래그해서 잡은걸확인했는데 잡히지 않았어요 처음해봐서 가이드조차 없어 알지못해 음식점을 갔다가 쪽만 당했어요 일좀 똑바로 하세요"
2021-01-30 02:46:33,1,0,0,아나 왜 가입부터 나만 안 돼?,아니 저 01년생인데 010716 2001년07월16일 생인데 왜 안되냐고 이름도 내이름 맞는데 왜 자꾸확인하래 ;; 그래서 성빼서도 적고 뒤로도 적고 다했는데 안됌;; 개짜증나ㅜㅜ 내폰 문제가 아니라 다른사람꺼로 되나 가입하기 전까지해서 뒤로 가려는데 뒤로가기도없음;;;;
2021-01-30 00:23:31,1,0,0,프로모션,하면뭐하냐 ㅋㅋ단가 겁나떨궈놓고 어찌됫든 손해안보려고 ㅋㅋㅋㅋ누가하냐 ㅋㅋ?
2021-01-29 22:38:33,1,0,0,인증문자,"회원가입 인증문자가 안오네요...
5번넘게 시도 했는데도 안옴"
2021-01-29 19:53:51,1,0,0,이벤트,이벤트참여해도 돈도안주는데 누가함ㅡㅡ
2021-01-29 08:00:56,1,0,0,계속 이름이 맞지 않다고 가입이 안됩니다,계속 이름이 맞지 않다고 가입이 안됩니다
2021-01-29 04:05:17,1,0,0,“이름을 올바르게 입력해주세요”,"이게 뭔지요.. 전화도 안받고 

개인실명등록 사이트는 버튼 클릭이 안되서 하지를 못하네요 ㅋㅋㅋㅋ"
2021-01-29 01:27:13,1,0,0,저기요,회원가입 하려는데 이름 이 안맞다면서 한달 째 가입이 안되는데 전화해서 여쭤봐도 달라지는게 없네요 가입을 어떻게 하라는겁니까
2021-01-28 22:31:08,1,0,0,계정삭제,계정삭제를 하시면 어쩝니까 ㅡㅡ 계정 삭제 얼른 풀어요 ㅡㅡ
2021-01-28 18:29:50,1,0,0,도보 사용자에게 왠 4km,"도보로 가기에 너무 먼 거리라 거절했더니 ...
이제는 하루종일 온라인 해도 아예 배정도 안되네요. 
적당한 거리로 배정 좀 합시다"
2021-01-28 12:32:36,1,0,0,뭔생각으로 이렇게 앱을 만들었지,"ㅋㅋㅋ어이가없어서 할려다가도 안한다
매장 기사 다 거지같고 손님만 좋은건 팩트
손님으로 쿠팡이츠 쓸라해도 오만정이 다 떨어져
배민으로간다 뭔 생각으로 이렇게 어플을 만들었나싶다"
2021-01-28 04:18:07,5,0,0,좋아요 다만 콜이 너어무우우우 없어요,대기 시간이 너무 길어요
2021-01-27 13:17:30,1,0,0,관리자에게문의하라고하는데,삭제된계정이라고해요.. 삭제한적없는데
2021-01-27 02:38:55,1,0,0,진짜 그지같네요,"이거 운영하는 사람들 딱 일주일만 직접 뛰어봐라.
오늘 시 경계 넘은 줄 모르고 잡긴 했는데 1시간 10분 걸리고 5,100원.
기름값 제하면 뭐가 남겠나.
시급도 안나오게 하고 진짜 짜증.
그리고 한시간씩 기다려도 콜 없는 날 태반."
2021-01-25 22:27:48,1,0,0,....,"예전에 이어폰 껴도 알림 소리 울렸는데 이제 안 됨.
애플워치에 알림도 안 뜸.
앱에 문제가 있는듯.
놓친 콜이 한두개가 아님.
짜증남"
2021-01-25 19:54:58,4,0,0,도보로 하는데 난 만족함.,"솔직히 도보로 하는거면 돈보고 하면 안된다고 생각함. 왜냐하면 콜 뜨는게 랜덤이라 언제올지 모르고 거리 제한이 걸려있어서 콜이 한정적임. 따라서 절대 돈벌려고 도보하면 안된다. 

걍 마인드를 바꿔야됨. 도보하는 목표를 유산소 운동 1순위, 돈 2순위로 설정하면 만사가 편안. 

하지만 가끔 어플에서 콜이 오는데 폰에서 콜 알림이 안뜰때가 있음....그럴때 의도치않게 수략율 내려가서 개빡침. 이부분 반드시 개선 필요함.

그리고 지도부분 콜받고 매장확인 고객집확인하려고 지도확대했을때 확대한거 이전으로 지도에서 계속 초기화됨. 개빡침. 확대했으면 지도에서 초기화 안했으면 좋겠음. 제발 이부분은 필수적으로 개선해주셈.

이외에는 만족하면서 사용중. 감사."
2021-01-25 04:21:54,1,0,0,아이폰만 안되나요?,아니 아이폰만 안되는건가요? 친구는 안드로이드 여서 겁나 뜨는데 하려고 하면 뭐하나요 아이폰은 뜨지도 않는데 그래서 한건도 못했어요^^
2021-01-24 23:36:57,3,0,0,수락율,수락율은 왜 있는거죠..? 수락전에 그쪽에서 취소되면 수락율 낮아지던데 개선이 필요해보이네요
2021-01-24 22:37:44,1,0,0,손정의는 애국자인가 투자자인가,애국자에 한표
2021-01-24 19:13:01,1,0,0,진짜 시스템 개 뭐,같네요 알람 소리는 뭐같이 작고 밖에서 이어폰껴서 들을라해도 이거듣겠다고 귀구멍에 계속 꽂고다니다가 뭐 차에치이면 어쩔거임? 그리고 밖에서 돌아다니다가 잘못 와이파이걸려서 인터넷 끊겨서 갑자기 주문 못받아져서 수락률 떨어짐 아 그리고 프로모션 한다고 해놓고 누군 주고 누군 안주고 사람 일찍 일어나게 해서 허탕만 치게 만들고 장난하나 진짜ㅋㅋ 옆에 있는 사람 두 건 하는 동안 허탕만 침 진짜 쿠레기 노동청에 신고할까
2021-01-24 06:31:35,1,0,0,어플 개선좀 해주세요,"배달하는거 지도좀 개선 해주고 
거리좀 개선 해주시고 배달 하고 메뉴 찾으러 갔는데 음식도 안됐는데 바로 콜 누르고 기달리고 그게 뭡니까..?

상담사 전화로 하는거 말고 대화로 하는것좀 만들어주시고 
배달 하는 사람들은 과실이 엄청나게 많은거 같은데 
음식 뚜껑 잘좀 닫아주세요 

뭐니 뭐니 배달 하는 사람들 과실이 많은거 같은데
개선 좀 해주세요"
2021-01-23 07:46:40,1,0,0,와 쿠팡 이거 기획하고 만들고 운영하는 애들은 돈 받고 일하냐 ㅋㅋㅋㅋㅋㅋㅋ,이건 지네가 돈을 수십억 내고 해야 될 정도로 쓰렉 같은데 ㅋㅋㅋㅋㅋㅋㅋ 전국민 대상으로 하는 모르모트 실험을 지네 월급 받으면서 하넼ㅋㅋㅋㅋㅋㅋ 쿠팡 자체가 원래 쓰레긴건 알았지만 진짜 심하긴 하다 ㅋㅋㅋㅋㅋㅋ배달 하는 애들 왜 그렇게 힘들어하나 해서 테스트겸 해봤는데 진짜 답도 없는 애들이네^^ 심지어 서버 관리도 안되니까 교육 영상도 보기 힘듬 ㅎㅎ 니넨 이런거 월급 받으면서 하기 안 창피하냐 진심으로? 별하나라도 줘야 글 올릴 수 있대서 아까워도 하나 드립니다ㅠㅠㅠㅠㅠㅠㅠㅠㅠㅠㅠ
2021-01-23 00:09:06,1,0,0,계정,"솔직히 별점 한개도 아까운것 같아요 돈을 떠나서 계정을 로그인 했더니 임시 점검뜨면서 계속 오프라인으로 되있는데 해결해 달라고 전화만 몇번을 했는지 모르겠네요... 이런 저런 방법을 했는데도 결국 해결 못했네여 
너무 답답해서 포기 합니다"
2021-01-22 05:02:55,1,0,0,주문내역 못보는거 최악,"도보콜인데 주문내역 못보는거 최악입니다.
도보는 사람마다 다 체격이나 체력이 다른데 
주문내역을 못보니 감당할수 있는지 없는지 판단할수가 없어요. 콜 받고 가게가니 덮밥 7개라 너무 힘들었네요. 받는 고객도 당황하더군요. 이걸 작은 여자분 혼자 다 들고왔냐고 하더라구요.. 하"
2021-01-22 00:50:38,1,0,0,자전거타는데,터널 안내해주는게 말인가
2021-01-21 19:48:50,3,0,0,번호로 가입하다가 중단후 재가입,번호로 가입중 중단후 텀을두고 재가입하려니 삭제된번호라며 아뮤것도 안됩니다. 관리자에 문의하라는데 관라자 연락방법이없어 여기로합니다.
2021-01-20 20:29:30,1,0,0,오프라인에 신규콜이 들어와요,오프라인 해놓고 껐는데 신규콜 푸시가 자꾸 들어와서 수락률이 떨어지네요ㅡㅡ 기종은 아이폰 11입니다. 어플 켜놨을때는 다 수락했는데 이거때문에 수락률이 81프로로 떨어졌어요..고객센터 전화하니 평점은 어떻게 해줄수없다며 업데이트나 잘 하라고 하는데;;;업데이트 뜰때마다 최신걸로 해놓는데 어이가 없네요ㅡㅡ 수락률 높은사람부터 배차간다는데 어플 좀 제대로 만들었음 하네요!! 리뷰 읽어보니 저랑 같은분이 있던데 어플이 불안정하면 수락률을 안만드셨음 해요;; 오류 반영해서 조정도 안되는데 패널티가 말이 된다고 생각하시는지? 할수록 답답하네요
2021-01-20 15:27:54,1,0,0,이거하면호구됨,"서울은모르겠지만 지방기준 특별한상황&시간대마다조금 다르긴하지만 매장대기시간 배달초보가 약간헤매는시간(주소이상한곳이나,아파트)차량으로운행시 유류비,시간당평균 콜갯수 등등 따저보면 최저시급은될라나ㅋㅋ 그냥 다른일하세요ㅋㅋ 몇일해봤는데 먼가 느낌이 쿠팡에서 배달알바상대로 손안대고 코푸는느낌이랄까 이샛키들의 호구되는기분ㅋㅋ"
2021-01-19 22:08:16,2,0,0,주문집중지역이 부분 모자이크처리되요;,"주문집중지역 볼려고하는데 모자이크처럼 처리되서 어디가 집중되있는지 확인할 수가 없네요,, 개선해주세요"
2021-01-19 19:25:18,1,0,0,쿠팡이츠가 뭔데 갑질이지,라이더는 고객이 아닌건가? 저도 자취하면서 배달요리를 주로 먹고있는데 배달률 수락률마다 평점을 매기지않나 부업으로 하고있지만 배달도 잘 안잡히고 픽업할때마다 가서 30분을 기다리고앉았네 이 시간에 최저시급 받으면서 편의점 앉아있는게 더 편하겠네요 가게사장이랑 내가 왜싸우고 있는지도 모르겠고 앞으로 쿠팡이츠에서 음식시켜먹을일은 죽었다깨어나도 없을듯 라이더를 기만하는 쿠팡이츠 ㅋ
2021-01-19 03:25:10,3,0,0,가입,"이름이 계속 틀리다는데 암만 제 이름 입력해도
가입이안된다고 관리자한테 문의하라는데
뭐 어떻게하라는건지요 ?"
2021-01-18 04:30:23,1,0,0,문자,문자좀 그만보내라 그리고 로그인 해서 문자보내는거 취소하려고했는데 로그인시도횟수 초과? 장난하냐? 뭔 횟수드립치고있어 진짜 킹받네;;;
2021-01-17 19:17:17,2,0,0,배차안잡힘,도보로 할 때 3일까진 잡히는데 ㅋㅋ 이거 하려고 나간 4일동안 한시간동안 안잡혀서 준비하고 나와도 그냥 집감. 2시간에 하나 잡히는 친구보고 포기함 ㅋㅋ 이벤트는 뭔 이벤트냐 잡혀야 하지 시스테좀 바꾸세요
2021-01-17 16:27:51,1,0,0,노답입니다,"매장에서 조리 시작도 안했는데 배달기사 콜 불러가지고 조리 끝날때까지 기다리게 만들고 금방 조리되서 나오면 다행이지 30분 넘게 기다렸습니다 그리고 배달까지 20분 
약 50분 이거 한건하는데 고작 몇천원
진짜 너무 화나서 고객센터 전화하는데 뭐 한 20분 
끝까지 기다려서 불만접수 했더니 고객센터 직원 똑같은 말만 반복; 불만접수 제대로 접수 된거 맞냐? 물어봐도 딱봐도 일 시작한지 몇일 안된 초짜가 라이더 응대하는 듯 보이고;
걍 노답입니다 
계속 이벤트니 뭐니 단가 지들 멋대로 조정하면서 사람 끌어모앗다가 단가 갑자기 확 후려치는데
걍 접습니다;"
2021-01-17 04:12:47,1,0,0,쓰레기앱,"이런 쓰레기 어플은 또 처음보네 음식 가지러 가면
20분 기다리고 쓰레기어플"
2021-01-16 23:34:06,2,0,0,관리자에게 문의하세요,아이디를 만들려 했더니 이름을 똑바로 입력하라면서 관리자에게 문의하라고 뜨면서 아이디가 만들어지지 않내요
2021-01-16 09:28:36,3,0,0,이름,이름을 올바르게 입력하라고 관리자에게 문의하랍니다.
2021-01-15 14:39:49,1,0,0,오류 심각합니다,픽업대기중  신규배달이 하루 걸러 하루에 한두번 울림마다 다음날 수락률은 떨어지구요 100에서 93으로 순식간에 떨어지더군요  어젠 오프라인 상태에서도 신규가 들어 왔습니다 요즘은 아침마다  지우고 다시 까는게 일상입니다  안정화 했다는데  그전에 없었던  오프라인때 신규콜 들어오는 오류까지 생겨나고 개선의지는 있는지 궁금하네요
2021-01-15 14:19:36,2,0,0,배달 콜 받아 가면 식당에서 매번 최소 10분 이상 20분이상도 기다려야함,"시간 낭비, 주차 불편한 곳에서 불법주정차 위험, 식당에서 그냥 서서 기다림 불편함, 
식당에서 조리 시작도 안한상태, 최소 10분은 빈번하고, 그 이상 20분 대기타야하는 경우도 있어 황당
진짜 심하게 대기 타게하는 경우에 대책 필요함. 
수량이 많은 경우에도 추가 요금 필요함"
2021-01-15 03:15:20,2,0,0,음식안나왔으면 잡질마세요,도대체 매장에서 몇분을 기다림는지ㅡㅡ
2021-01-14 07:34:50,1,0,0,음식점 간판 제대로 해놓은데만 쿠팡이츠에 올려주세요!,"배달할때 시간잡아먹고 
손해입니다!
음식점 간판 제대로 해놓은데만 사진올려서 업데이트해주세요!
주문받아서 갔는데 간판이름이다르고 
그래서 헤메고! 그리고 음식조리예상대기시간도 기재해주세요!
그리고 배달원이 음식점 평점내는건 왜없나요?!"
2021-01-14 02:02:14,5,0,0,도보애용자,도보 배달이 밖에나와서 2시간째 기다리는데 1건도 안잡히네요..
2021-01-13 04:18:16,5,0,0,너무좋은데 제발 부산활성화좀 부탁드립니다,너무 편리하고 좋은데 부산지역 활성화가안되있어서 너무 아쉽네요ㅠㅠ 제발 빠른 부산성장부탁드립니다 ㅠㅠ
2021-01-13 01:51:17,5,0,0,Review,Thankss
2021-01-12 21:07:43,1,0,0,식당업주는 조리시작도 안하는데...,"식당업주들은 조리시작도 안햇는데 조리완료떠서 
가보면 기다리라고만하고.... 
업주들에게도 확실한 패널티 부탁드립니다."
2021-01-12 19:29:06,2,0,0,백그라운드에서 배달요청이들어오면 자동거부됨,"한두번도 아니고 이런상황계속되면 빡침
수락율 깍이고 돈도날리고 이게 한두번도 아니고..
배달어플켤때는 아무것도 하지말아야됨??"
2021-01-12 18:31:04,1,0,0,제발 하지마세요 정말 쓰레기네요,"강동구에서 합니다. 첫콜이 방이동으로 가네요..

두번째 잠실로 가네요 .. 이번엔 강남구로 갑니다.

ㅋㅋ 배차 취소 했더니 일이 안오네요.. 

다시 강동으로 왔더니 또 방이동을 보내네요.  ㅋ

3시간동안 최저시급 반도 못 벌었네요 ..

그리고 정산일 뭔가 문제가 있어서 문의 했더니

정산은 상담원과 통화가 아닌 이메일을 보내야

한다더니 그 메일을 16일째 확인을 안하네요 ㅎㅎ

이거 고용노동부에 신고 하면 되나요 ?? 

너무 일방적인 사업이네요 .. 배달해서 돈 못 받았

는데 어디다 하소연 할때가 없어요 ㅋㅋ 

메일을 쓰면서도 내가 왜 이러고 있지 ? 하네요

다시는 안합니다. 그리고 크리스마스 ? 이벤트 ?

당일날 2시간동안 한건도 일 없었습니다. 

강동구 입니다 . ㅋㅋㅋ"
2021-01-12 16:05:29,3,0,0,일부 식당,일부 식당에서는 콜 받고 조리완료 누르시는 분들이 있습니다. 그런 곳은 항상 그렇게 합니다. 도착해서 10분 기다려도 안나옵니다. 말이라도 잘 해주시면 화장실이라도 다녀오지 바로 나온다하고는 10분 이상. 뭔가 패널티를 줘야하지 않을까요?
2021-01-11 23:49:54,5,0,0,로그인관련,계정을 까먹어서 여러번 로그인을하는도중 로그인 시도횟수 초과 가 떳는데 언제풀리나요?
2021-01-11 09:08:19,2,0,0,군대 다녀왓는데...,"군대다녀오고도1년이라는시간이 흘렀는데 미성년자라뇨...
요즘 학생들이 군대 가는것도아니고.."
2021-01-11 03:14:38,1,0,0,별 반개짜리도 아까운 사기어플,교육 쳐받은 교육비도 안주고 문의는 넣는방법 더럽게 번거롭게해놓고 광고문자만 개많이옴 음식도 준비안됐는데 개일찍 불러놓고 기다리게만들고 아무튼 사람들이 거르는데는 이유가있음  교육도 제대로된 안된 일반인들이 이리 허술하게 가져다주는걸 누가 이용합니까 애초부터 니들이 잘못된 체계로 돈도안주는데 좀 사라졌음 하는 마음;:
2021-01-11 00:44:25,1,0,0,빠르게개선좀,"이런거 리뷰보기나하는지요 난다긴다하는 냥반들이 만든 앱일텐데 옆동네배민은 편리하게, 배달기사들 피드백적극반영 하거나 문제해결이 빠르던데 쿠팡이츠는 많이부족해보입니다. 업주ㅡ기사 간 조리시간 및 대기시간, 배달취소에따른 보상문제 하루빨리 개선필요하구요 
배달완료목록이 없으니 확인할길이없습니다.
업장도착,픽업,완료시간 이나 업장정보, 고객정보가없으니 재확인을못합니다. 고객중에 벨X 문자 달라는 고객도많은데 문자 버튼이없어서 번거로워요 목록을만들고 문자버튼추가하면 한번에해결되잖아요. 
답답합니다."
2021-01-09 19:32:27,1,0,0,진짜 심각,"아니 어떡해 콜을 따로 부를수도 없고
쿠팡이츠 심각하게 불편합니다 콜센터는 하우종일 전화를 안받고 어쩌라는건지 모르겠습니다 이러면 가게 운영하는 사람으로써 저희 가게만 욕먹고 평판 떨어질텐데 책임 지실깐지 궁금하네요"
2021-01-09 07:08:21,1,0,0,도보배달인데 네비게이션으로..,도보 배달인데 제대로 주소가 찍히지않아 일일이 다른 어플로 주소를 찾아야 합니다. 카카오맵을 추가 하는것이 좋을것 같아요. 몇동인지 주소가 적혀있음에도 아파트 전체 주소로 안내합니다. 개선해주세요.
2021-01-09 04:25:00,3,0,0,Keeps zooming out,The map keeps zooming out even for walking distances
2021-01-09 01:08:28,1,0,0,매장가도20-30분 기다립니다,재대로된 일이 안됩니다
2021-01-08 18:12:29,1,1,0,이벤트하지마세요,"안전교육수료이벤트 친구추천이벤트
이수하면 돈이 들어와야하는데 
돈안들어와서 문의하면 => 이번주 정산할때같이 정산된다
정산날에도 안들어와서 전화하니까 =>
정산부서에 따로 메일로 직접 문의해라

지인들도 같은이슈를 겪고있다는게 신기함"
2021-01-08 17:41:35,1,0,0,별이 많던 적던 망할듯,"토욜 아침 9시부터 11시까지 
콜 하나도 없음"
2021-01-08 09:07:11,1,0,0,문의,인증번호까지는 하고 주민등록번호까지 안하고 앱 종료를 하고 앱을 삭제하고 다시 설치해서 가입을 할려고 보니까 한번 인증받으면 안되더라구요 이럴경우 어떻게 해야하죠?빠른 답변 부탁드려요
2021-01-08 00:50:06,5,0,0,정보등록 문의,"정보 등록하는데 이름이 틀렸다고 해서 계속 입력하다가 일정 시간동안 못 입력한다는 메시지가 뜬 후에
Siren24 실명등록 사이트에 가서 등록을 했습니다. 다시 정보 등록을 하려 하는데 아직 일정 시간이 안지나서 입력을 못하네요. 얼마나 기다려야 할까요? 풀 수 있는 방법이 있나요?"
2021-01-07 19:31:06,1,0,0,진짜ㅋㅋ정책ㄴㄷ,정보잘못입력해서다시작성하고싶다니깐부산사람을서울잠실와야다시작성가능하고 탈퇴후재가입불가ㅋㅋㅋ좀바까라 노답이다 만간망삘
2021-01-07 16:09:06,1,0,0,자전거로 지도 보는거 너무 힘들다.요,배민처럼 지도 깔끔하게 못바꾸나?요
2021-01-06 01:38:52,5,0,0,이름 입력,이름을 올바르게 입력하라고 뜨면서 관리자에게 문의하라고 뜨네요 답변 부탁드립니다
2021-01-05 04:29:36,1,5,1,어플 개선 좀 해줘요,"프로모션 하면 뭐합니까 내가 프로모션 성공한지도 모르고 그 금액은 왜 같이 계산이 안됩니까 프로모션 성공 금액까지 계산해서 올려놔야지 당연한거 아닙니까??
그리고 단가 너무 후려치는데 진짜 힘듭니다 배달 콜도 엄청 안잡히고 계속해서 잡혀야지 하는 맛이 있지 한 번 하고 엄청 기달리고 한 번하고 이게 뭡니까 배달 상태가 보통 많음인데 배달이 안잡혀 ㅡㅡ
빨리 빨리 개선해주세요 날 추운데 힘듭니다
코로나 때문에 하는건데 코로나 없어지기 전에 업데이트 될랑가 모르겠네요"
2021-01-05 03:37:15,1,0,0,인증문제,"가입하려고 이름,주민번호,이메일,동의사항까지 다 맞게 했는데 인증이 안되네요 자꾸 관리자한테 문의만 하라고 하고...빨리 해결해주셨음 하네요"
2021-01-04 21:49:33,5,0,0,로그인 시도 실패 해결좀요,부탁
2021-01-04 18:06:35,2,0,0,로그인시도횟수,횟수가 초과됏다고 로그인이안되요 언제까지 기다려야하죠
2021-01-04 16:03:27,1,0,0,왜 위치 서비스를 항상 켜둬야 하죠?,"앱을 사용하지 않는 시점에는 위치 사용하지 않아도 되지 않나요?
심지어 항상 설정이 아니면 사용도 못하게 해뒀더군요"
2021-01-03 06:33:25,1,0,0,먼가이상한,"안전교육 이수하래서 안내 가이드 보고 
수강신청하니까 undefined 라는 팝업메시지만 나오고 더이상 진행이 안됨.."
2021-01-02 23:52:54,1,0,0,02년생 졸업했는데 왜 미성년자인가요?,왜죠?
2021-01-02 17:33:02,1,0,1,미성년자 오류,"02년생인데 1.1 지나도 미성년자라고 뜨네요.
빠른 조치 부탁드립니다."
2021-01-02 00:15:41,5,0,0,가입을 하다 말아서 계정삭제 됐습니다,복구 부탁드립니다
2020-12-31 01:31:50,1,0,0,4시간에 콜 한번옴 ㅋㅋㅋ,ㅆㄹㄱ 거품 어플
2020-12-30 20:16:59,1,0,0,하지마세요.. 답 없어요 돈도 안나오고,"제목 말 그대로 처음할때는 오더를 좀 잘 주는데 며칠하잖아요? ㅋㅋㅋㅋㅋㅋ 그냥 안줘요 저 한시간넘게 기다리는데 한번도 못했습니다 그래서 그냥 퇴근합니다 몇시간하는데  2만원벌고 기름값거기서 또 빠지고ㅋㅋㅋㅋ
안합니다 그지같은거 시스템도 이상해서ㅋㅋㅋ 우리가 
오더를 잡게해야지 지들이 알아서 주면 뭔 소용이냐ㅋㅋ
하지마세요 아 해보세요^^ 욕나올거에요"
2020-12-29 05:58:26,1,0,0,코로나,"코로나로 4인이상 밀집하지 말라고 하는데 
치킨 기다리는 30분동안 치킨집에서 대기하면서 많은 기사님들과 함께하고 있습니다... 제발 시스템 변경 좀 해주세요"
2020-12-29 05:24:29,1,0,0,이름이 안 써짐,장난하냐
2020-12-28 02:58:06,1,0,0,하실 분들 꼭 보세요 안하실분들은 천재,"실시간 위치확인 오류빈번
매장에서 풀대기하는데 이미 매장은 픽업처리함
손님은 내 근처 매장은 지구반대편"
2020-12-27 21:34:27,3,0,0,어플 키면 멜론이 끊혀요..,띠리링 소리가 너무 크고 음악이 끊혀서 배달중에 위험하게 계속 터치해야하네요.... 개선해주세요
2020-12-27 03:14:11,5,0,0,중복주문 하게해주세요,동선낭비에요
2020-12-25 16:39:34,2,0,0,같이좀삽시다,코로나로 다니던직장도 근무시간줄어들고 급여도당연히줄어서 살아보려고 배달알바시작했는데 한시간에 콜이하나도없을땐 문제가심한거아닙니까 기름값이더나오겠습니다 콜잘잡히게좀해주세요
2020-12-25 02:36:54,1,0,0,조리시간 좀 미리부르지마세요,"시간이 생명이고 , 자동차로 배달하는 경우에는
차 둘곳도 애매한대 꼭 그렇게 해야됩니까..
조리 다 됬다고 미리누르는 점주들은
무슨 양심입니까 도대체??"
2020-12-24 22:45:30,2,2,1,도보랑 자전거는 면요리 안잡히게 하세요;,"도보랑 자전거는 면요리 안잡히게 하세요
왜 내가 가게 주인이랑 싸워야되는지 모르겟는데
사람 없고 배달 없는 지역은 돈안되는데 돌려막기하다가 면 뿔었다고 내가 싸워야되고 진짜 어이가 없네요
왕복 20분만 날림"
2020-12-24 20:59:57,1,0,0,조팡이라고 괜히 욕먹는게 아님,"아니 최저시급도 못벌게 할거면 뭐하러 배달해요?
앱은 깔았는데 거의 이용을 못하겠네
배달파트너를 호구라고 생각하는지..... 
강남4구로 나눈것도 가관이고
되도 않는 꼼수이벤트 남발하고
타회사랑앱이랑 너무 비교되네"
2020-12-24 05:31:09,1,0,0,진심 인간상식으로 이해가안됨,"문자기능없으면서 왜손님한테요청못하게 안내안하고
 고객센터는 20분넘게 통화가안되고 그대로 바달완료하면 클레임생기고 평점떨어지고 ~그리고 평점문의라는설문지 만들어놓고  두달걸쳐서 문의2번넣었는데 답장단한번도 안옴 ????!!!"
2020-12-24 04:13:37,1,0,0,크리스마스이벤트랍시고 콜비 만원이면 머함,30분기다려도 콜도안뜸 ㅡㅡ
2020-12-23 23:08:04,1,0,0,가입좀,처리좀 빨리 진행시켜라 한번 가입잘못하면 평생 가입 못하네
2020-12-23 02:11:55,1,1,0,시스템이 너무 엉망임,"1. 문의창구는 톡으로 받다가 이젠 전화만 가능한데 그 전화도 연결이 너무 안되어서 쿠팡이츠에 직접 문의할수 있는 곳이 없음

2. 가입 과정에서 오류가 나서 계정을 새로 만들수도 기존에 만들던걸 연결해서 완료할수도 없는 상황인데 어디에도 문의를 못함  어느곳에서도 답을 얻을 수 없음

3. 고로 앱에서 할수 있는게 아무것도 없는데 이거 배달시작하게 되더라도, 배달중 어떤 문제가 발생하더라도, 부당한 상황에 마주하게 되더라도 쿠팡이츠류 연결해서 해결할수 있는 방법이 없다는 말입니다. 

시스템이 엉망이고 여러사람이 같은 문의를 하면 좀 개선의 의지를 보이던가 공지라도 해줘요 광고문자만 보내지 말고."
2020-12-22 04:10:12,1,3,0,지도개선,배달의민족 앱이랑 지도 반만 따라갔으면 앱 디자이너 퇴사 시키고 앱이랑 지도 개선좀 합시다. 확대 시키기도 힘들지만 확대 시켜 놓으면 다시 작아지고 목적지 가까워지면 지도가 커져야지 더 작아짐 대학 나온 머리로 만든게 이렇게 밖에 못만듬?만든사람이 나가서 배달 하루만 해보고 앱 개선에 신경좀 써주시길
2020-12-21 22:36:08,1,1,0,쿠팡이츠 자차배달 솔직한 장단점,"중형자차로 배달을 한번 해본 본인 솔직 후기

장점 

1. 오토바이보다 안전한 주행 가능

2. 겨울에 해본 결과 오토바이보다 따듯한채로 가능

3. 음식을 차 내에 넣고 배달해 음식이 전혀 식지 않음

단점

1. 배달소요시간 오래걸림 신호 무시 못함 무시해서 범칙금 4만원 내는 순간 배달 13개치가 날아감

2. 음식픽업 할때 주차 문제 갓길에 대고 가지러 가야하지만 음식을 기다려야해서 1분 이상 정차시 카메라 찍힘 

3. 불편한 아파트 출입 문제 및 주차 배달 몇동 몇호에 왔다 하고 주차자리를 찾고 비상등 키고 올라가야함 

4. 3100원에 거리 할증 100원 붙는데 보통 자차의 경우 1km 에 8,9km 꼴 국도 혹은 골목길로 다니니 연비 더 떨어짐 각종 소모품도 생각할시 한건 4천원으로 계산시 남는금액 3300원 정도 여기에 쿠팡에서 수수료도 떼감

5. 한번에 한개의 배달만 되니 자차의 경우 정말 빨라도 3100원 짜리 3개 겨우 소화 한시간에 9300원 기름값 10km 기준 국도,골목길 1950원 남짓 수수료까지 떼가면 한시간 7600원에  각종 소모품 비용 생각하면 17년도 시급을 받는 마법이 일어남

결론  자차배달은 남는 이윤 절때 없음 오히려 적자 장당함 오토바이로 하는 사람? 배달대행을 해서 차라리 한두개라도 근처 묶어서 가지 한 콜에 하나 하면 한시간에 3,4개 겨우 함 
소비자에게만 생각했지 종사자에 대한 배려란 보기 힘듬 

추천 도보나 , 자전거 취미로 산책하고 돌아다니고 싶은 분은 추천은 하지만 도보는 콜도 안 잡힘 
자전거는 좀 잡히지만 강철체력 요함"
2020-12-21 18:57:45,1,0,0,최악,음식도 준비도 안되고 있는곳 배차주고 갑질 그만좀 해라!!배달원만 손해!!!
2020-12-21 06:00:25,1,1,0,인천쪽은 비추 콜 오지게 안뜸,서울은 몰겠는데 인천쪽 콜 너무 안뜨네요 평일엔 1시간에 1건?뜰까말까 자차라 그런지 그마저도 개똥콜 뜨면 개노답 어플오류로 배달수락 못했는데 수락률 하락 노란불 ㅋㅋ⫬ㅋ⫬ㅋ 아 참고로 주말엔 한8시간 투자해서 4만원 돈(중간에 집가서 밥한번먹음) 호기심에 체험은 괜찮은데 이걸로 돈벌이 할 생각은 절대 하지마세요 (인천권)
2020-12-18 23:39:48,1,0,0,제발 하지마새요,"부탁할게요 제발 하지 마세요
구를 3번 이동 하게 하네요"
2020-12-18 22:58:05,1,0,0,가입 오류,자꾸 이름을 올바르게 입력하라구 떠요ㅠㅠ해결 좀 해주세욥..
2020-12-17 21:08:42,2,0,0,일단 카카오네비만 쓸경우 제한둔건 왜 둔건지?,금액이 어떻게 산정되는지 모르겠지만 너무 차이가 큼 애초에 큰 금액만 주게 만들거나 선택지를 주거나 자동배차라지만 너무 이상함 카카오네비만 쓸경우 왜 못하게 막아놨는지? 그리고 요리 만드는시간좀 알려주쇼 요리 오래걸리면 그냥 안잡고말지 ㅡㅡ
2020-12-17 11:30:40,1,2,1,중복 콜도 안되고 매장에서 최대1시간 20분 기다린적있어요,"중복콜 안되는거 개선 부탁드리고 진짜 하....

매장에서 1시간 20분 기다린적있어요 수원에 BHC인데 욕

나오네요 하 개선 안되면 접을듯 바이"
2020-12-14 03:52:23,1,0,0,최악 그 자체,"어찌 이렇게 만들다 만 앱을 출시했는지 아주 어이가 없네요~^^
가입 날짜 알아보려고 이리저리 알아보는데도
알 방법이 없대요 
저보고 문자메시지 찾아가지고 코드 받은 날짜가 가입 날짜라나 어쩐다나...
카톡으로 상담하는데 불친절 그 차체여서 이런 불만은 어디다가 접수하냐니까 쿠팡에는 그런 거 없습니다 ㅇㅈㄹ"
2020-12-14 00:32:30,2,0,0,이상태에서 작업을 수행할수 없습니다,이상태에서 작업을 수행항수없습니다 lte에서 말입니다 수락률 겁나 떨어졌습니다
2020-12-13 06:31:03,1,0,0,관제센터 직원 대부분 최악의 불친절,"상담되는것도 없을 뿐더러 반말조에 불편한 말투 그리고 한숨에 선종료 이러고서 그자리에 앉아서 상담하는거니?? 부끄러운줄 알아라 그러니까 배민한테 밀리는거지 라이더 우습게 아는듯 니들은 그자리에 앉아있으면 친절하기라도 해라 공정거래위원회에 고발한다 너네들은 이미 카페에 관제센터애들 전화 그냥 끊어버리고 해결은 안해주고 유명하더라 
쿠니팀장이라고 있던데 팀장이란건 없다고만 하고 니네 본사소속인데 그따위로 하더라  
짤려봐야 정신차릴듯"
2020-12-11 01:31:25,3,0,0,iOS 에서 지도를 확대해서 보려고 하면 다시 돌아가요.,"다른건 그렇다 치고
맵을 확대해서 지번 주소 좀 보려고 화면을 확대하면
다시 원래대로 돌아가요. 

지인 갤럭시폰을 써보니 확대 잘 되더라구요. 
이거 너무불편해요.ㅠㅠ

빨리 수정해주세요. 제발요~~~~"
2020-12-09 22:14:12,1,0,0,아직도 개선이 안된 조리시간,"조리시간 표시가 없어서 식당에 빨리 도착해 봤자
20~30분은 기다리게 됩니다.
리뷰에도 고쳐달라고 어느분이 쓰셨는데 아직도 안고쳐주네요. 
식당에서는 조리시간 몇분이나 걸리는지 찍는 메뉴가 있는듯 한데 배달기사에게는 왜 안알려주는건지 모르겠네요.

또 맵의 경우 ""대학교""나 ""대단지 아파트""같은 경우 핀의 위치와 실제 배달 위치가 너무 차이 납니다. 그렇게 치면 배달비용도 달라지겠지요. 

또 상단 북쪽 고정지도로만 줘서 위치 예측에 불편함이 있습니다.
그리고 길찾기의 경우 네비로만 연결되지 않고 지도앱으로 연결 되도록 해주시면 좋겠습니다. 

또 음식양이 너무 많거나 부피가 크다면 고지해서 받을수 없는 주문이 취소되는 일이 없도록 해주세요.
피자같은 경우 담을수 없는 배달기사가 많습니다."
2020-12-09 21:45:32,1,0,0,주문번호에 대한 개선선의,"기사와 가맹점간
주문번호로 확인하는데
숫자와영어가 섞여서 서로 읽기도 어렵고
알아듣기도 너무 힘듬

개선)

ABCD1234

이런식으로 앞에 영어4글자와 뒤에숫자4글자로 통일해주세요"
2020-12-08 23:10:31,1,0,0,에휴,"수락률 이유없이 계속 떨어지고
전화하면 자기들도 모른다하고 ㅋㅋㅋㅋ
어플 개선좀 해라 제발 
그리고 요청사항에 문자주세요 있을때마다
카톡이나 저나해서 문자요청 해야되고
말도 안되는 타지역 콜 주질안나
단가 낮추려고 강남구 4개로 쪼개질안나
망할 징조가 보인다"
2020-12-06 15:40:20,5,1,0,재밌네요~,"2잡하기 좋네요 원하는 시간대에 일하고~
하지만 배달을 해보니 배달하시는분들의 노고를 알 것 같아요~ 나름 사정이 있으니 늦는건데..
콜받자마자 차로 갔는데 시장안에 있어 길도 잘 못 찾고 차도 못들어가는 곳이라 뛰어가서 콜받고 약 15분만에 식당 도착했는데 빨리간거라 생각했는데 뭐라하네요..근데 배달할 음식은 포장도 안되있고..주문도 밀렸는듯..괜히 저한테 화풀이 하네요~제가 손님이 될 수도 있는데, 서로 힘든세상 정말 서럽더라고요ㅠㅠ 역으로 배달자가 음식점도 평가를 하면 좋을 것 같아요 단 한 곳도 안전하게 다녀오세요나 들어오면 인사 받아주는 곳도 없네요 어떤데는 반말도 하고.. 이거 하면서 기분 상했네요~파트너는 전문성을 가진 배달원이 아니니 뭔가 대책이 필요할 듯 하네요
특정분류는 제외하고 제외가 많은 업종은 가격을 좀더 올려주면 더 벌고 싶은사람은 전체 포함 시키고 저의 경우 추위를 많이 타서 차에 음료나 케익 같이 차갑게 해야 하는 음식은 녹을까 좀 부담 되더라고요~장비를 갖출 만큼 비인기지역이라 콜도 없고요.
콜 벨소리도 설정에 따라 크고 좀더 길게 울리게해주세요~
 아무튼 결론은 좋은 듯 해요~"
2020-12-06 04:49:44,1,0,0,문의,회원가입 하는 단계에서 관리자에게 문의하라고 하면 어디다가 문의해야 합니까? 그리고 이름을 올바르게 입력하라고 뜨는데 제 이름에 무슨 문제가 있는겁니까? 100번을 다시 봐도 내 이름인데 뭘 자꾸 올바르게 쓰라는건지... 하라는 겁니까 말라는 겁니까? 빠른 답변 부탁합니다
2020-12-05 17:14:18,5,0,0,진짜 배달사원은 좋고 점주는 안좋음,"20분되도 배차안되고 배차되도 음식 조리했지만 30분뒤에오고 ㅡㅡ 
시스템이 너무 답답합니다.
그래서 오늘 해지했네요. 
솔직히 광고비 무료라고하지만 떼가는건 타업체랑 똑같고 굳이 사용할 이유가 없네요 

우선 내 물건만 간다고 하지만
관리해주는 배달대행업체는 못 따라 가네요
그냥 그분들은 음식만 갖다주면 끝
책임감이없음
자전거 ,걸어서 가는분 , 킥보드 
눈으로보면 불안함, 잘못하면 음식물 흘러서 클레임 걸립니다.

관리비를 내면서 배달대행쓰는이유
관리해줌 그리고 그렇게4~5개씩 음식 잡아가는 기사도 없지만 잡아간다해도 20분안에 모든 음식 다 배달해줍니다.
장단점은 다 있겠지만

타업체 이길려면 제대로 점주들 편하게좀 해주시고 시행하세요"
2020-12-05 05:11:35,1,0,0,하지마세요,최근 gps오류인지뭔지 다 많음 뜨는데 10-30까지 대기하고 픽업지가 6km이상돼는것도 막넣어주네 거참
2020-11-26 00:59:12,2,0,1,자전거 배달하면서 느낀 문제점,"전동킥보드가 지금 고장나서 고치는중이라
자전거로 하고 있는데 
3-4키로 나오면 진짜 뒈질 것 같습니다. 
심지어 언덕위에 언덕위에 언덕위에 또 언덕있는 동네도 있는데 경사자체가 너무 높아서
자전거 끌고 막 뛰어가기도 하는데
그렇게 배달하고나면 3,400원 입니다 이런곳은 정말 오토바이가 해야합니다. 아무리 a.i가 자동배정한다고해도 고도같은것도 보면서 오토바이한테 배정좀해주세요"
2020-11-25 02:37:43,2,0,0,하,똑바로좀하세요 앱 관리 렉도 많이걸리고 뭐만하면 비활성화 해버리고 어쩌자는건지
2020-11-24 01:48:50,1,0,0,너무하네..,"쿠팡이츠에서 카카오네비 연동해서 가게를 찾아갔는데 카카오네비가 매장이 단지 내에 있는 걸로 안내해서 아파트 단지내 피트니스 센터에서 뺑뺑이 돌았습니다. 근데 정작 매장은 단지 밖에 있더군요.. 그렇게 해서 배달 늦으니까 배달 지연으로 음식값이랑 배달비 차감한다는데.. 저도 조금 화가나긴하네요.
배달을 여러개 잡은 것도 아니고 늦장부린 것도 아닌데, 그리고 단가도 점점 내려가고.. 쿠팡이츠 하시려는 분들이 참고하시면 좋겠습니다."
2020-11-23 21:21:27,1,10,0,직선거리로 배차되어 주옥같습니다.,"자전거로 강건너 죽이려 하질 않나, 직선거리 1키로 짜리 인데 삥 돌아가서 10키로 나오는 예로 신림에서 63빌딩을 보냅니다. 고객센터는 해당 부서에 전달한다 하지만 개소리 ㅋㅋㅋㅋ 부서가 없음. 암튼 시작하시는분들 안그래도 추운데 각오 하시고 하셔야 할듯. 보험조 안해주니 다치면 이시키들 나몰라라임."
2020-11-20 19:33:24,1,0,0,개선좀부탁합니다,매장에서 기다리는 시간이 너무길어요 아니면 매장에서 조리시간를 배달하는 사람한테 보여주던가요
2020-11-13 04:20:33,1,0,0,고객센터 1599-9827,"화원가입시 개인정보 입력할때 안내되는 1599-8727은
다른업체 번호입니다
쿠팡이츠 배달회원가입문의는 1599-9827로 잔화 하세요"
2020-11-13 01:57:05,1,1,1,조리시간 대기시간 조절 좀 잘해주시길,"단가 후려치기 시작되었네요 ㅋㅋㅋㅋ 그래서 접었습니다
지역편차도 너무 심하고 그리고 매장가면 대기시간은 또 왜이리 긴지. 어떤 고객은 8시에 주문해놓고 9시에 배달해달라고 해서 한시간을 날려먹은 적이 있네요 ㅋㅋ 취소해도 계속 그 사람만 걸려서 고객센터 전화하니까 되려 화만내고 ㅋㅋㅋ 불친절에 ㅋㅋ 주변사람들한테도 비추합니다. 배달 빠른건 좋은데 오토바이랑 차랑 같나 요금도 차별화를 둬야지 에휴"
2020-11-03 02:19:10,1,2,0,배차 좀 똑바로 하세요,가게 픽업하러갓더니 왜벌써오냐고 음식 들어가지도않앗다고 20분넘게걸린딘해서 취소햇네요 수락률이 왜잇는지도모르겠고 40분찍은 매장에서 왜 배정이 바로오는겁니까 기다리는것도 짜증나네요
2020-10-29 21:54:22,1,0,0,제발 지도 오토기능좀 없애줘요,"확대하면 축소되고 진짜 불편해죽겠네
예전엔 안그랬는데 바꾼이유가 뭐죠?"
2020-10-28 17:36:20,4,0,0,서비스지역,서비스지역 확대좀 부탁드려요 창원도 할수있게
2020-10-26 05:35:48,2,0,0,배터리 잡아 먹는 게 너무 심합니다.,"타 앱도 위치 잡아 쓰는 건 마찬가지인데, 쿠팡이츠 설치 이후 사용하니 배터리가 눈에 띄게 빨리 닳습니다. 지도 앱 여러 개 포함하여 몇 십 개의 앱을 사용하는데, 모든 앱을 통틀어 제일 배터리를 많이 잡아씁니다. 완충을 해도 몇 시간 안되어 10% 이하로 떨어집니다. 심각합니다... 이 까닭으로 탈퇴하고 앱을 지워야 하나 고민할 정도입니다. 이 때문에 발열 증상도 추가적으로 나타나고 있습니다. 이 부분을 개선해 주신다면 좋겠습니다."
2020-10-23 01:17:01,1,0,0,회원가입 이름이 자꾸 틀렸다는데요,본명을 써도 자꾸 안된다고 관리자엑 문의하라는데 고쳐주세요
2020-10-21 02:56:26,2,0,0,알람설정,"알람이 울리기 시작하면 그 주문건이 사라져도 백그라운드에서 계속 울림니다. 
길찾기시 자전거로 배달시 네비게이션 보다 지도앱이 편리한데 네비앱 연결만 되네요."
2020-10-20 20:30:46,1,0,0,어플 관리 제대로 해라,"갑자기 접속이 원활하지 않다며 어플 접속이 안됨
(물론 데이터상태고 다른 인터넷은 잘만 됐음)
수락은 커녕 접속이 안되서 오프라인으로 못바꾸는 와중에 콜은 뜨는 것 같아
혹시몰라 어플을 삭제해놨었다가
자고 난 이 후에 깔아서 접속해보니
평점 수락율이 10퍼센트 내려가있음
문의해도 어쩔 수 없다는 답변"
2020-10-16 22:49:38,1,0,0,똥콜전문,똥콜주고 손님이 주소 잘못적어서 배달간걸  라이더보고 물어내라하고 장난치냐
2020-10-11 19:26:07,2,1,1,오류와 개선요망 사항이 많아요.,"아이폰 11 쓰는데 배달콜 알림이
무음으로 뜰때가 많아요. 카카오 네비 때문
인 것 같기도 하고 때로는 네비 안 켯는데도
그럴때도 있고 
그리고 분명 제가 모든 배달을 안 놓치고
다 수락하는데 배달 수락율이 계속 떨어지네요.
지금 93% 까지 떨어져서 노란불이 들어왔는데
참 답답하네요.
콜 진행중인데도 콜 들어오고 엘레베이터 같은데서
통신 잘 안되는데서 들어오고 그러는게 수락율
깎아 먹는 것 같은데 이런 거는 좀 고쳐줬으면 좋겠어요.
제 잘못이 아니고 프로그램 오류인데 평점은 제가
깎여서 불이익을 봐야 하는 점 너무 황당해요."
2020-10-09 00:30:57,1,0,0,개쓰레기어플이네이거,"무슨 어플을 발로 만들었나
오프에서 온라은로 눌러도 온라인으로 돼지도 않고 개쓰레기 어플이니진짜"
2020-10-06 02:03:33,3,0,0,ㅡㅡ,로그인시도횟수가 초과됬다고 로그인이안돼요 어떻해야하나요?
2020-10-04 19:53:59,1,0,0,돈보고 할꺼면 하지마세요,"강남같은데면 모르겠는데 기본료자체가 짠편인데다가 주문들어와서 가보면 기다리는 경우가 허다합니다
프로모션이라도 많이뜨는 지역이면 모르겠는데 서울 북부 뭐 이런대는 프로모션도 없어서 금액자체도 낮고 콜수도 적어요"
2020-09-30 06:56:42,1,0,0,쿠팡이츠배달원은 노비,"쿠팡이츠 배달원은 노비에요 
무조건 1배달 해놓고 배달거리가 5키로나 되는데
3450원? 킥보드 자전거 운행자들은 한번갓다오면
다른 타대행 세건할수 있어요"
2020-09-27 05:34:42,5,0,0,인천 쿠팡이츠 한시간째 콜없음,"쿠팡오늘시작했는데 콜이 한시간째 0개인데요
8시반부터 9시반까지 주문지역 가도 콜이하나도없네요"
2020-09-27 02:51:47,1,0,1,인천에서는 할게 못됨,"인천이나 부천까지도 할게 못된다고 생각이 드네요.
벌이도 없이 그냥 시간낭비 같네요.
나와서 10시간 12시간을 있어봤자, 5~7만원, 정말 운이 좋아야 8만원.
최저 시급의 절반을 벌려고, 뭔짓을 하는건지 ..."
2020-09-27 00:20:40,1,0,0,기레기 기사로 한 해보니 역시나 기레기,딱 시급 3300원이네요 음식배달이 아니라 퀵서비스 아닌가요?배달한게하는대 9키로가 말이됨요??
2020-09-26 23:58:55,4,0,0,조리완료,"조리완료 소리도 있었으면 좋겠어요
불편합니다"
2020-09-26 01:09:15,1,0,0,일 좀 해라,로그인이 안된다 개선 좀 해라
2020-09-26 00:12:20,2,0,0,배차해주시지말고 직접 잡게해주세요,용돈벌이로 할라고 시작했는데 오늘인 20년09월26일 토요일 오전부터 4시30분까지 함켜놓고있었는데 콜이 하나도 안뜨네요
2020-09-25 22:18:16,1,0,0,gps 방향 표시좀,콜받으러 돌아다닐때 헷갈리네요
2020-09-21 23:51:07,2,0,0,관리자에게 문의를하라고..,"가입하고 주민번호랑 이름이랑 적는데
정확하게 주민번호랑 이름이랑 입력을했는데도 맞지않다고 관리자에게 문의하라고 떠요 ㅠㅠ"
2020-09-18 23:34:22,5,0,0,좀 보라고 별점 5개 남깁니다^^,"지금 쿠팡으로 배달하고 싶다는 사람은 바로 휴대폰 끄시길 바랍니다^^

이게 말이나 됩니까? 비오는날만 좋고 그 나머지 비 안오는날에는 사람 빙산만드는 회사입니다.

6시간 풀로 앱 켜놓고 풀로 달렸는데 수익금 10만원도 안나옵니다^^

이게 사람이 할 배달일인지 모르겠습니다;;

그래도 하고싶다는 분이 있으시다면 말리진 않겠습니다.

한번에 한개밖에 못하고 시급의 반의 반을 덜받고 남들보다 세배는 덜 벌고 싶으시다면 지금 당장 받으세요"
2020-09-18 08:23:16,1,0,0,고객센터가 진짜 개쓰레기,문제생기면 고객센터에서 조치 해줄수있는거 하나도없고 말투들도 일하기 싫은듯 건성건성에 니가 알아서해라 라는식인데 답답해서 진짜ㅋㅋㅋㅋㅋ
2020-09-17 16:57:02,2,1,0,"왜 라이더만 평가를 당해야 되는지,","한달정도 하면서 느낀건, 일단 평점 제도가 참 거지같음. 매장도 고객도 개진상들 천지인데 왜 라이더만 평가를 받아야 합니까
최대한 오는콜 다 수락하면서 배달하면서 바이크로 하는데 배달 거리가 무슨 5-7키로도 예사임, 매장에서  음식 기다리며 늦는것도 라이더탓. 그 먼거리에서 시키는것을 가져다 주는데도 늦는건 라이더 탓. 신호 다 무시하면서 위험하게 배달 하길 원하나요? 배달이 늦었다는 평점 하나에 기분이 개 더러워짐. 라이더들도 매장이 콜 때려 놓고 음식이 늦으면 매장에 평점 매길수 있게 해주고, 워낙 먼거리에 시켜놓고 늦게 왔다고 평점 깍는 고객도 라이더들이 평점 남길수 있게 해주세요. 
요즘에 바이크 못들어가게 하는 아파트들도 개 많아서 매번 말 싸움 하는것도 지칩니다. 강남권은 허구언날 아파트 입구에서 걸어들어가는거 다반사입니다. 그런건 배달 시간에 반영 되게 해줘야죠. 라이더가 무슨 개 호구 입니까? 
논현에서 주문해서 개포동이나 일원동 같이 서울 끝자락 까지 배달하면 돌아올때 어떤 기분인지 아시나요? 이럴거면 자전거로 해서 그냥 단타 치기 하는게 훨씬 수입이 나았을것 같내요. 존나게 개선 필요합니다."
2020-09-16 02:45:07,1,0,0,배달이 너무 안울려요,"배달 알람은 똑같이 울려줘야 되는거 아닌가요?
가까이 있는데 누군 울리고 누군 안울리고..
일을 하라는건지 모르겠어요
차별 하는거 같구"
2020-09-14 18:19:00,1,1,1,뉴스에서 이만원준다고 했는게 현실은 한시간에3500범,사기임
2020-09-14 03:59:05,1,0,0,쿠팡이츠...,"9월11일(금). 우천상황이였습니다. 
저의 위치는 강남 선릉역 부근(잠실방향)
이였고 콜 수신이와서 수락했는데, 
위치는 공차(교대역) 이여서 픽업 거리가 너무말고 과속하자니 우천으로 인해 노면이 미끄러워 사고위험이있어서 쿠팡시작해서 처음취소 신청했는데 바로99%로 감점되나요...
진짜 쿠팡이츠 정말 너무하네요. 그냥 그러려니 넘어갈려고 했는데 당신들 정말 상종 못할 인간들이란걸 다시한번 느꼈습니다. 
그럼 배달 희망지역은 왜 고르겠끔 했나요?
콜 보내는 쿠팡이츠 직원또한 감봉이나 인사상 불이익을 줘야죠. GPS위치 확인도 안하고 
무작정 콜보고 결과확인또한 제대로 하지않고 평점 매기는 직원이나 이렇게 해결 되지도 않는설문지  만들어 놓고 운영하는 쿠팡이츠... 
•콜 보내는 직원이나 평점 매기시는 직원들
직접 배달현장 에서 일주일. 아니 5일만 일 
시켜보던지 아니면 직접해보세요. 
분명 못할겁니다. 
당신들이 어떻게 콜 보내고 어떻게 평점 매기는지 
누구보다 당신들이 더잘알기 때문에 절대 못할겁니다. 
쿠팡이츠 당신들이 어떻게 일처리하고 얼마나 기분 더러운지...•"
2020-09-13 19:55:05,3,0,0,실시간 지도에 방향좀,"생소한곳 가면 내가보고잇는 방향정도는 개선해주샸으면 좋겠습니다
티맵 키고 방향찾기가 시간이 걸려서

그리고 음식완료시간을 기입해주셨우면 좋겠습니다

마지막으로 카페 음료 또는 18인치 피자는 정말 싣기가 애매합니다 가방 사이즈를 택해서 배정을 필터링 해주셧으면 좋겠네요
가방매고하는 투잡인으로써 난감합니다
전업이 아닌 투잡이라 가방만 매고 나가야하는데
미리좀 사이즈라던지배제할 수 있는 시스템을 만들어주샸으면 좋겠습니다"
2020-09-12 20:10:49,4,0,0,지도 축소및확대 고정 가능하게 다시 바꿔주세요 너무 불편합니다,지도 축소및확대 고정 가능하게 다시 바꿔주세요 너무 불편합니다
2020-09-12 05:25:10,1,0,0,가입할때 이름 제대로입력했는데 왜자꾸 이름제대로입력하라고뜨나요?,뭐 관리자한테 문의하라는데 어케문의하는지도 모르겠고 앱 상태 심각하네요 .
2020-09-11 08:41:41,3,0,0,문자 전송기능 좀 만들어주세요,"일부 고객은 전화도 하지말고 문자 보내라는 사람들이 있습니다. 안심번호라 길어서 외우기도 힘들어요. 문자 보내기 너무 어렵습니다. 
전화번호 복사 기능을 넣어주던가 바로 문자 보낼수 있게 해주세요"
2020-09-11 00:20:43,5,0,0,어플자체를 대충만든 느낌임,오류 투성이에다 콜뜨면 알림도 제대로 안뜨고 그럼 수락률은 내려가고 아주 멋대로임 가끔씩은 배달완료 자동으로 눌려저서 오류떠서 고객센터에 전화하면 안받고 카톡하면 안읽고 그냥 관심이 없나봄
2020-09-09 18:02:44,4,2,1,쿠팡 명성답게 개선이 필요합니다.,"요며칠 쿠팡이츠 쿠리어를 하며 개선이 필요하다고 느낀 부분입니다. 

1. 어플 메인화면 ‘오늘 수입’ 금액을 선택적으로 볼 수 있게 변경해주세요.
 - 아무리 알바라해도 개인정보에 해당되는 ‘소득정보’인데 콜잡기 위해 화면을 켜두고 있으면 불가피하게 수입금액이 제3자에게 보여지는 어플 구조는 건강하지 못한 것 같습니다. 

2. 신규 배달요청 수락방식을 현재 ‘하단’ 슬라이드에서 ‘중간’쯤으로 변경해주세요. 
 - 아이폰x시리즈의 경우 기기자체 홈바랑 겹쳐서 수락이 잘 안 될 때가 있습니다. 특히 우천 시 방수팩이라도 장착하는 날에는 더더욱 그렇습니다. 어플 자체가 네비용으로 쓰이는 것도 아니니 화면 중간에 위치시켜도 큰 불편은 없을 것 같습니다. 추가로 백그라운드에서도 신규배달 소리가 울리게 해주시면 좋겠습니다. 보통은 네비를 틀고 다니다보면 신규배달을 4분이 지나서야 어플알림을 통해 아는 경우가 있습니다. 

3. 고객주소 ‘Full’ 로 보이게 해주세요
 - 가끔 고객주소가 긴 경우에는 “A동 1...”로 표시되는 경우가 있습니다. 이러면 어플에서 고객주소를 복사해서 개인 메모장에 붙여넣은 뒤 나머지 상세주소를 확인하는데 이는 고객 개인정보가 쿠리어 개인메모장에 지속적으로 쌓여 유/노출의 위험을 가질뿐만 아니라, 배달 시 불필요한 행동을 하게 함으로써 업무 효율을 저하시킵니다. 

그 외에는 깔끔한 UI와 직관적인 UX는 만족스럽습니다."
2020-09-08 10:56:47,1,0,0,배달,"매번 도착하면 20-30분 기달리고 음식나오지도않았는데
픽업알림뜨고..배차 잡을라고 보면 갑자기 사라지는 현상이있어 배치률 다 떨어뜨리고..개선좀해주세요 한시간에 두건가면 많이가는거고 20분기달려서 배차잡으면 
픽업지에서 또 기달리고 도착해서 배차기달리면 또 다음 픽업지에서 기달리고..밖에서 떨고있는 시간이 너무많아서 너무허무할때가 많아요..쉼터를 만들어주는건 오바여도 개선좀 했으면 합니다."
2020-09-07 02:28:23,3,0,0,콜 취소버튼,"콜 취소버튼 위치좀옴겨주세요 아이폰쓰는대 티맵보다가
콜떠서 왼쪽상단 눌러서 쿠팡웹으로 바꿀려면 저절로 취소가되네요  취소 버튼 자리좀 옴겨주세요 그것때매 계속 저절로 취소되고 그래요"
2020-09-06 20:59:02,1,0,0,이름을 올바르게 입력해주세요,처음에 개인정보 입력할때 이름을 올바르게 입력하라하고 관리자에게 문의하라는데 뭐어쩌란거에요?
2020-09-06 18:47:30,1,0,0,X같은앱,"아니 무슨 x발 수락률이 저절로 떨어지냐
고객센터 문의해도 피드백도 없고 ㅋㅋ 개열받네
진짜 답장도 개느리고"
2020-09-04 03:40:20,5,0,1,건의사항,"자가용 이용하는사람들한테는 특혜가있었으면 합니다. 음식훼손율도 낮고. 유지비는 제일높아서..
다른부분은 정말만족!부수입짱짱!"
2020-09-03 03:23:42,1,1,0,하지마세요,매장거리 배달지 거리 지도상 직선거리 측정에 중복콜안되는데 바로 잡히는것도 아니고 매장가면 무조건 10-20분 기다려야 되고 말도 안되는 왕복 15km거리 배달떠서 거절하면 수락률 깎이고 이건 뭐 누굴 위한 어플인지
2020-09-02 12:40:34,5,0,0,대전지역도 가능한가요?,용돈벌이로 할라고 하는데 여긴 대전인데 가능한가요??
2020-09-02 02:18:02,1,0,0,외국인은 등록않돼나봅니다,외국인은 왜 등록이않돼는지
2020-09-01 03:06:58,5,0,2,투잡으로 돈벌기 좋아요!!,"용돈벌이 좀 하려고 시작했어요~!가만히 있다가 매장가서 음식들고 배달하면 되네요~~~
근데 앱에 이벤트나 공지사항 Q&A같은게 없다보니ㅜㅜ
불편하고 답답하네요!
업데이트 해주세요~~~"
2020-09-01 01:38:27,5,0,0,남는 시간에 용돈벌이 해볼수 있겠네요!,그런데 자전거로 할만할지가 걱정..
2020-09-01 00:22:29,5,0,0,투잡으로 베스트,"앱 이용도 편리하고 따로 네비도 필요 없고
부수입 필요하신 분들이 쉽게 편하게 하기에는
제일 간편한 선택지라고 생각합니다. 
가입부터 첫 수입까지가 빨라요."
2020-08-31 23:57:56,5,0,0,자동배정 짱,"자동배정 너무 좋아요.
배민은 주문 잡느라 너무 힘들고 위험했는데, 신경안쓰고 들어오는 주문만 배달하면 되서 정말 좋아요!"
2020-08-31 06:21:32,1,0,0,26시간만에 짤림(계정 정지),"시작하기 전에 이 리뷰를 봤어야했는데... 이제야 봤네요ㅜㅜ 시작하고 26시간만에 정지 당함(31건)  배달평점 100% 수락율 64% 배달완료율 96% 아직도 이유는 모름. 고객센터 전화했지만 모른다 이유도 안가르쳐 줌 유투브에서 이런 사례를 많이 봤지만 저게 진짜일까? 설마? 그런데 진짜임 황당 그자체!!! 말투부터 열받기 함. 모른다. 여기까지다.위탁배송이 이제 어렵다. 이 상황을 전달은 해주겠다. 연락이 없으면 안되는거고 연락이 갈꺼다. 기한도 시간도 없다. 사람 미치게 하는 것도 아니고,,,
제가 생각한 건 수락율 64% 때문이 아닌가 생각이 드는데...전 콜 수락하고 취소한적 단 한번도 없음 초반에는 뜨는대로 배달함 그런데 시간이 지날수록 거리가 멀어져서 복귀하기 위해서 콜이 울렸지만 받지 않음 그것도 그렇게 길지 않은 시간...근데 그게 왜 수락율을 저렇게 떨어트려 놓는지 아주 그지 같다는 생각뿐!!!
심지어 자기네들 아쉬울 때 전화가 와서 부탁함.들어줌.근데정지.끝!"
2020-08-30 21:47:51,3,0,0,등록,등록하려는데 이름이 올바르지 않는다고 떠요 해결 부탁드려요
2020-08-30 20:58:48,5,0,0,심플하니 좋네요,편리해서 좋아요 :)
2020-08-30 09:26:26,3,0,0,"가입하려고하는데,,,","가입할때 이름과 주민등록번호를 입력하는데
분명 분명 분명 알맞게 썻는데
이름을 확인하래요 제이름이 저도모르게 바뀐건지
관리자한테 문의만 하라그러고
꼭 확인해주세요 관리자님 가입을 못하고있어요ㅠ"
2020-08-28 22:35:54,1,0,0,버그,강제축소 좀 어떻게 못함?
2020-08-27 20:44:18,4,0,0,이름,이름과 주민번호 이메일 작성에서 계속 이름을 잘못 입력했다고 하고 관리자 문의를 달라고 하네요 빨리 확인 부탁드려요
2020-08-27 19:08:12,4,0,0,주소,"주소가 중복으로 뜨는데
한개가 나오더라도 호수까지
정확히 나왔으면 좋겠네요
전화도 안받고 주소도 호수도 정확하지
않으니까  또 회사에 전화해야하고
불편 합니다"
2020-08-26 19:53:19,1,1,0,운영진봐라,"18 조리시간좀업댓해라
배달하는 사람들 1분 1초가 돈인데
매장에서 세월아내월아 기다리게 하네
조리가 어느정도보면 콜 올리라고 하던지
노답이네"
2020-08-26 17:25:44,1,0,0,안드는 수락전에 미리 픽업지랑 상호 보여주는데 이번 업데이트에 왜 안되어있죠? 지도 강제 축소 버그좀 고치소,이번 업데이트에 왜 안되어있죠? 지도 강제 축소 버그좀 고치소
2020-08-23 21:56:54,1,0,0,배민에 비하면,"구멍가게 수준
배달원을 뭘루 아는거지"
2020-08-17 23:20:01,3,0,0,로그인 시도횟수 초과시,해결방법이뭔가요
2020-08-10 20:50:10,1,0,0,개선 의지는 있는건가?,콜이 이미 들어와 배달 진행중인데 무한 콜이 울리면 수락도 안되고 어찌 해볼 방법도없이 다음날 수락률만 무차별로 하락되고 벌써 몇번째인지 답도없음 개발팀 피드백 하기는하는지 의문이네요. 소중한 파트너 시간가지고 테스트할거면 테스트버전이라 표기하던지 이게 무슨 완벽한 앱이라고 버젓이 앱스토어에 올려놨는지 모르겠네. 사기네 사기
2020-08-04 03:27:39,1,0,0,기사생각을 너무 안해주시네요,무슨 서울 전체를 다 보내버리시네요 이럴거면 일하는 희망구역을 왜 만드신건지 도무지 이해를못하겠어요;;
2020-08-01 06:03:45,5,0,0,관리자에게 문의하세요,이름을 입력해도 정확하게 입력하라고만 뜨네요.. 이름을 얼마나 더 정확하게 입력하라는 겁니까ㅠ
2020-07-30 05:58:07,1,0,0,가입 수정,가입할려고 이름 똑바로 적었는데 관리자 문의하라하고 제대로 적으라고하고 앱을 껐다켰더니 주민번호 오류 많다고 문의하래여
2020-07-25 08:11:15,5,0,1,gps위치오류,아이폰 업데이트 후 위치정보가 맞지않습니다. 네비앱과 네이버등 포탈앱은 다 맞습니다
2020-07-18 19:18:25,1,0,0,본인인증,제 이름 제 주민번호 맞는걸 아니라해서 몇번이나 계속하고 이거 가입하란건가여 말란건가여
2020-07-18 03:53:00,1,0,0,배달직하고있는 사람입니다,"왠만하면 배달업무 다하는데 쿠팡어플이거는 너무하네요 
지역설정을 하면뭐하나요 말도안되는 배차넣어주고 건당이 쌔다고해서 여기저기 다보내는건 아니지않나싶고 조리시간도 30~1시간 기다리라고하고 업주도 불편하고 배달하는 사람도 난감하죠 이건 별로에요 완전"
2020-07-09 18:51:38,3,0,0,오류,전에는 괜찮았는데 업데이트 이후에는 콜이 잡히고나서 데이터를 껐다 키거나 리셋후 앱들 다시 실행하면 오류가 생겨 어플을 이용하기 매우 불편하네요
2020-07-03 22:04:44,2,0,0,거리 산정이 너무 멀어요,픽업5키로 배달 4키로 페이는 6000원 이게 뭐하는 건지.. 직선거리 말고 네비게이션 실질거리로 배정 하시기를
2020-07-03 21:15:33,2,0,0,30분 넘게 기다렸는데 결국 보상은 없다.,피크시간에 30분 넘게 기다렸지만 쿠팡에서는 보상이없다 업주가 미안하다고 배달료 2배로 드려야되는거 아니냐며 음료수주면서 미안해한다.
2020-07-03 15:47:55,1,0,0,ㅋㅋ리뷰개웃기네,아니 리뷰 답변은 하시나요??ㅋㅋㅋㅋㅋ문제많네~
2020-06-28 04:18:53,5,0,0,건의사항,"부업으로 하는 사람입장에서 
본업중에도 알림이 너무많이 떠여
온라인일때도 귀찮게 너무 뜸
오프라인일땐 알람좀 안뜨게 하던가
아니면 어디주문량 증가 이 알림 너무많이 뜨는데
알림 선택좀 할수있었으면 좋겟어요
매번 온오프라인 할때마다 설정들어가서 알림도 껏다켜야대고 불편해요"
2020-06-21 07:48:04,1,0,0,지역매칭,"배송지역을 모르는 상태에서 콜받으면 전혀 엉뚱한 지역으로 매칭을해주는데 이거 개선 부탁합니다
시간과 기름을 버리는건 기본이며 배송비 비싼지역에서 싼지역으로 매칭되면 너무 손해가 많습니다"
2020-06-10 17:23:36,4,0,0,양평동 마을까페 주인장,여기는 주인이넘 예의가없는 인성이덜된사람이라 픽업가는기사님들을 무시를많이합니다 반말기본 픽업기사는 무조건자기아래로생각함 비오는날픽업지 도착 기다림 갑자기뭐라해서 네?하고다시물어봄 그랬더니 말못알아먹는다고 지랄함 헬멧을하고있어그럿다니 그럼벗고다니라기분나뿐말투로얘기함 그래서 비가와서벗을수없다고햐니 그럼배달하지말고 그만두라고함 손님들다 있는곳에서 오토바이배달하는사람이라고 개무시하는 이런업장은 개선이아닌 쿠팡이미지차원에서 없애버리는게 이득이며 다른픽업기사님들도 양평동 마을카페 픽업가지마세여 50대초중반정도되는주인쟝인데. 겁나싸가지없음 나두40대후반인데...음식도맛도겁나없고 손도안씻고음식만들고 겁나더러움 비위생적업장 암튼픽업기사님들 더운데힘내시고 안전운전하세여
2020-05-19 09:18:52,1,1,0,가입오류,"정보를 다 맞게입력햇는데 이름이틀렷다고 게속뜨네요
해결좀해주세요"
2020-05-18 02:09:14,1,0,0,아니 장난치는것도아니고,돈 급해서 시작하려고 안전교육 두시간째 듣는데 애초에 울산은 서비스 안될거면 도시입력에 울산을 두질 말돈가 장난치는 것도 아니고
2020-05-11 02:38:22,3,0,0,번호 인증하고 비밀번호 입력후 가입이 넘어 가질 않습니다,번호 인증후 비번 입력하는데 가입 절차로 넘어 가질 않네요
2020-05-05 00:22:39,1,0,0,로그인 횟수 초과,비밀번호 잘못입력해서 휴대폰문자인증으로 비밀번호 재설정해도 로그인횟수 초과라도 계속 나오며 로그인이 안됨. 기본적인 것도 안되는데 빨리 수정부턱합니다
2020-04-22 01:47:01,1,0,0,관리자에게 문의하라고 뜨는데 뭐죠,가입 후에 개인정보 작성하는데 이름 주민번호 이메일 입력하고 확인 눌렀는데 관리자에게 문의 하라고 합니다.
2020-04-16 03:56:07,1,2,1,하ㅋ,"6시20분? 부터 지금 7시54분인데 콜은 절대 안들어오네요... 배달수단도 오토바이인데 이정도로 안들어오면 이건뭐 어떻게쓰죠??
배달배낭이라 한 번 잡힌 피자집도 취소했는데 고객센터에서 전화와서 제가 취소한걸 다시 안내하고 있고... 참... 좀 그렇네요.."
2020-03-28 04:42:55,3,0,1,알람이 안울린다고요,알람이 안울려요 백그라운드 실행 아니고 켜놨는데도 안울리고 답답
2020-03-26 03:30:33,3,0,0,관리자에게 문의하라고 나오는데,이름 적는데 관리자에게 문의하라네요 어떻게해야되나요
2020-03-18 21:35:32,3,0,0,버그 있는거 같아요,"배달 알림이 울려서 앱을 확인하면
막상 아무 미션도 없는 오류 입니다
3-4번정도 경험했구요 아이폰이에요.
상담원에게 얘기 하였으나 딴소리만 해서
여기에 적어드립니다.
보완수정되길 바랍니다."
2020-03-12 03:52:01,2,0,0,고객센터,고객센터에전화할려면몇번인알수잇을까요
2020-03-02 23:40:20,2,0,0,회원탈퇴하고싶어요,궁금해서 가입했는데 회원탈퇴부탁드립니다
2020-03-01 16:47:19,1,0,0,저기,"이거 머 어떻게 하는건가요 
타지는 배달이안 뜨는건가요 제가 똥손인건가요"
2020-02-24 19:01:48,1,0,0,쿠팡 이츠 하지마세요,"알바 몇칠하다가 짤렷습니다. 이유를 안알려주네여 절대
배달 음식 가다릴때는 2-30분이 기본이고 늦으면 늦는다고 혼나고 말두안되는 거리를 가서 음식 다 식게 만들고
음식누락되도 혼나고. 모든건. 배달자 책임으로 떠안네요
어이없게. 아무잘못한것도 없는대 5일 일하고 짤렷네여
빠르게 배달 친철 배달자는 잘못한게 정말업눈대  
말두 없이 경고도 없이 짤라버림. 이유를 물어보니
안알려줌. 정말. 할짓이 못되네여."
2020-02-22 19:22:41,1,0,0,오류장난아니야,아니너무 쓰레기처럼 많들어네 온라인 켜지도 못하고 고객센터에 전화하면 그냥 기달리라고 하고 해결되는게 하나도 없네 비추천
2020-02-20 14:40:02,1,0,0,너무구림,너무심해
2020-02-17 23:24:34,1,0,0,그저 개인정보 작성하는 어플 아닌가요,"전혀 콜이 뜨지 않습니다.
당황스러울정도로 콜이 뜨지 않네요."
2020-02-16 22:44:26,1,0,0,성북구 강북구,왜 이런 동네는 없나요... 언제 일을 언제부터 할수있을가요..
2020-02-11 19:25:41,1,0,0,개선할점,"아니 고객평점의 피드백을 써주거나.
무엇이 문제였는지를 알려주거나 해야지.
시간내에 도착했고 두손으로 공손히 드리고
엘레베이터 안타고 계단으로 뛰댕겼거늘?
뭐 떠서 먹여주고와야하나..?
불만족 받았다고 무조건 라이너들한테
패널티를 주는건 옮지않다고 봅니다.
무엇이 불만족이였는지 알아야 개선이되지요
업체에서 음식이 늦게나와서
시간 맞춰 겨우 가져다 드려도
라이너가 늦었다고 불만족을 찍으시는거같은데
쿠팡에선 그냥 불만족이니까 패널티먹어 라는식의
운영이라면 이게 정상적인 운영인지 
생각해보실 필요가있을거같네요."
2020-02-09 22:40:54,1,0,0,반성좀 해라 악덕 기업아,"목숨을 담보로 일하는 배달 기사 배려는 단 0.001%도 생각안하는 악덕기업이다.
쿠팡이츠 커넥터 시스템은 모든 피해는 배달기사만
피해보게 만들어놓은 시스템 아주 줫같음
줫같은 평점제도 만들어놔서 지들 멋대로 계정 짤라버리고 이유는 규정이라 말해줄수 없다는 앵무새마냥 계속 시부리고 콜은 줫도 없으면서 위기의식 못느끼냐?? 쿠팡 갑질은 워낙유명해서 알고는 있었지만
정말 줫같다 너그들은 절대 배달로 성공 못한다 
그리고 네비도 선택좀 할수 있게좀 해라 
카카오 네비 요즘 누가쓴다고 느려터지고 오류 투성인데 왜 끝까지 고집하는지 모르겠네 이런것만 봐도 배달기사 배려가 1도 없는거지 쿠팡은 악덕기업 갑질기업으로 평생 낙인찍혀 망할지어다
그리도 어플도 개쓰레기 수준 ㅋㅋ 
네이버 지도에 버튼 몇개 집어넣고 이것도 어플이라고 만든넘도 참 ㅋㅋ 대단하다 ㅋㅋ"
2020-02-08 05:29:50,1,0,0,별한개도 아까워요,"영수증정산받는거 때문에 사업자 현금 영수증 요청했는데, 안된다는 말만 할뿐 해결책을 주지 않았습니다.  이럴거면 영수증 발급 안된다는 정보라도 적어놓으시던가요. 요청사항란은 왜 있는건가요? 영수증안 되면 바로 취소하겠다고 하니 취소도 안된다고 하고. 타업체에서는 이런 적 없었는데 이런식이라면 새로운 마음에 쿠팡이츠 이용했다가 손해만 봤습니다. 두번다시 이용안할것같네요."
2020-01-09 20:46:43,5,0,0,강력하게 요구합니다.,"질 좋은 서비스 제공을 위해서 개선희망 사항 의견을 보내 드립니다.

1. 상호평가제도 도입(현재는 편중)
2. 배달완료 후 상세정보 보일 수 있게 기재
3. 위탁받기 전 다른 앱을 보는 동안 소리재생기능 추가희망 
4. 앱내 고객 파트너에게 문자 메세지 기능추가 필요
5. 일부 레스토랑 업주파트너 불량포장에 대한 주의 필요
6. 배달 조건에 맞지 않아 취소를 하기 위해서 앱내 취소기능 추가 필요(시간 단축이 됨)
7. 앱 실행 중 온라인 상태 외에 오프라인 중일 때 사용자의 위치 시용하지 말았으면 좋겠습니다(개선사항)
8. 주문한 파트너가 이릅&닉네임 사용 함으로 인해 서로 존중한다는 의미부여함"
2019-12-19 17:48:31,1,0,0,한번에 1건만 배차받고 음식나오길 한참 기다려요,"배달은 시간이 생명이고 수입과 직결되는건데
한번에 1건 배차에 업주는 조리시간을 입력한다는데
막상 가보면 10분 20분 기다리는건 예삿일임
물론 업장에 도착했을때 음식이 나와있는 경우도 있지만 시스템 개편하지 않으면 라이더 다 떨어져 나갈겁니다.
콜도 없는데 시스템까지 이모양이라 가끔 뜨는 콜 잡으면 서울에서 경기도가는 콜이고 베타기간이라곤 하지만 너무 별로입니다. 정산도 바로바로 되는것도 아니라 1일부터 15일까지 일한걸 25일날 주고 16일부터 말일까지한건 담달 10일에 들어오죠
자차 바이크로 토요일 하루종일 밥도안먹고 화장실도 안가고 안쉬고했는데 10만원 벌었습니다 콜이 없어도 너무 없어요"
2019-12-18 23:54:51,4,6,1,배달뜨는 소리좀 바꿔주세요 안들려요,"건의사항있어서 메시지 보냅니다.. 그 배달 뜨면 소리나는것좀 바꿔주셨으면 합니다 너무잘안들려서 이어폰끼고 내비틀고 달리다보면 배달 뜨는 소리가 잘안들려서 계속 달리면서 수시로쳐다봐야하고 그러다가 사고날 위험도 있고.. 잘들리게 쿠팡배달! 배달!! 모 이런 걸로 바꾸면 어떨까.. 합니다 이런곳에 써도 되는지 모르겠네요 뜨는데로 수락 하고싶은데
자꾸 지나치네요"
2019-12-11 18:55:18,1,0,0,심각한 문제점 개선의지 0%,"1.주문취소 배달금액0원

먼거리 운행해서 매장 도착하는데 도착전 주문취소되면 금액0원, 고객이 고객센터에 주문취소요청하면 고객센터에서 배달기사에게 연락 먼저하는 매뉴얼 있음에도 매장에 다이렉트 취소해서 배달기사는 취소되는 주문건 픽업하러 가는 어이없는 상황 연출

2.매장에서 쿠팡이츠 주문건 가장 늦게 조리

배민, 요기요, 생각대로, 바로고, 부릉등 다른 배달대행 업체꺼 조리부터 하고 쿠팡이츠는 항상 기다려라, 매장 입장에서 쿠팡이츠는 주문도 별로없어 우선순위가 떨어지니 배달기사만 힘듬

3.간판명과 매장명이 다름

혹시 OO매장 맞는지 확인해야해서 시간 많이 허비하는데 매장관리팀은 수정생각없음

4.배달지 주소, 위치오류

네이버지도와 카카오내비 환상의 조합으로 위치가 달라서 도보로 5분이상 해메게 만듬

5.함흥차사 관제센터

문제발생해서 연락해도 10~20분동안 전화안되고 카톡 무응대

6.알바 관제센터 상담원

알바 상담원들 배달기사가 불편함 느끼는건 상관없고 시간만 때워서 시급만 받아가면 된다고 생각함

7.모든 문제점 발생시 배달기사 피해

시간인 돈인 배달대행에서 배달기사의 시간은 허비해도 된다고 생각하는 관제센터의 이기적인 태도"
2019-12-08 16:26:48,2,0,0,문제점..,"앞서 말한분들처럼 30분씩 기다리는 문제도 심각하지만 그렇게 기다리고도 배달비가 기존 콜과 똑같다는 점은 시간이 돈인 입장에서 답답하지 않을 수 없네요..

그리고 내비문제.. 카카오와 무슨 제휴를 했는지 모르겠으나 사용자 입장을 고려하셔야죠.. 내비를 고를 수 있게 해주면 좋겠네요.. 
내비만 믿고 다니시는 분들은 해당사항이 없을 수도 있는데요.. 아는길 카카오 네비켜고 달려보신 분들은 알겠지만 길안내 정말 엉망진창입니다 3~4키로씩 돌아가게 만드는것도 허다하고 갱신은 또 왜그렇게 늦는지.. 그런데도 카카오를 고집하는건 정말 이해불가네요

배달료를 어떻게 책정하는건지 모르겠는데 픽업부터 10키로를 움직인 배달과 4키로를 움직인 배달이 같은 금액인것도 이해불가..

전 투잡으로 알바식으로 짬짬이 하는데... 콜 받을때 피자같이 큰것들은 좀 거를 수 있게 해주세요... 메뉴라도 알아야 애초에 거절할텐데 메뉴고뭐고 아무것도 안나오고 배정하니까 받았으니 일단 갔다가 포기하고 이러면 업주나 배달이나 서로 얼마나 소모적입니까?

그리고 추가적으로 선호지역 반영을 전혀 안하면서 왜 받는거죠?"
2019-11-29 04:17:13,1,0,1,아랫분이 지적하신 그대로,약속시간은 굉장히 타이트한데 정작 시간 맞춰서 가보면 음식 20분씩 기다리고 하는 일이 생깁니다. 배민처럼 시간을 맞춰서 알려주는 기능이 시급합니다. 전투콜이 아니고 배정제인 것이 장점이 되려면 많은 개선이 필요합니다. 일단 배민에 비해 지도 시스템도 너무 열악하고 인터페이스도 허접한데 콜도 허버지게 없습니다. 우버이츠처럼 멸망하지 않으려면 죽어라 노력해야겠네요. 살면서 앱 리뷰 처음 쓰는데 그냥 배민 하시는 거 추천드립니다~
2019-11-24 22:33:01,3,0,0,앱 자체는 좋습니다,"배달 중 돌발 상황이 일어날때
고객센터에 연락을 하려고 해도
전화를 너~무 안받습니다. 5번 전화하면 한번 받을까 말까.. 초창기라 센터에 인력을 배정 안한건지..
이건 좀 개선되어야 한다고 봅니다"
2019-11-06 23:20:58,2,0,0,배정이 안되네요,"가입하고 온라인으로 뜨는데 근처 배달요청도
없고 오더자체가없고 지도만떠요ㅠㅠ어떻게된건가요?"
2019-11-03 22:01:42,1,0,0,답답,"도대체 개인정보 변경은 어디서 하는겁니까?
그리고 콜이 원래 이렇게 없는건가요?"
2019-10-27 08:29:53,1,2,1,픽업시간,중복 콜이 안되면 시간이 돈인데 매장에서10~20분 매번 시다리네요 .....이거 개선 필요합니다
2019-10-24 19:37:42,5,1,2,아이폰 드뎌 됩니다,아직 안해봤지만 유투브에서 매장가면 무조건 기다린다는데 정말 저도 홀에 있어봤지만 매장 사람들도 민망합니다 기다리시는거보면 배달도 하지만 배달하는사람도 시간낭비 어느정도는 기다린다고 생각하지만 적당히라는 단어가 있습니다 모든 적당히 했으면 좋겠습니다 그럼 한달은 해보고 다시 댓글 달겠습니닻쿠팡이츠쿠리어개발자님 아이폰앱 내주셔서 감사드리고 충성!!열심히 해보겠습니다
2019-10-23 02:37:11,3,14,3,심각한 문제점,"식당업주들은 조리예상시간을 기입해서 배차신청을 하는데 쿠팡이츠는 바로 배달업무배정을 해서 항상 식당에서 기다립니다. 초기부터 지속된 이 문제점이 왜 개선되지 않는지 이해할 수 없습니다. 식당에서 2,30분 기다리는 일은 배달원 입장에서도 업주 입장에서도 난감한 사항입니다. 배달은 시간이 돈인데, 음식 나오길 2,30분씩 기다려야 하니 손해가 큽니다. 업주가 기입한 배달보리시간을 배차에 반영하도록 시스템 개선을 요구합니다."
2019-10-15 23:16:56,5,0,0,드디어!,기대되네요 1등!!
2019-10-15 23:15:52,5,0,0,추카추카,"드디어 아이폰 버전 나왔네요
추카추카"
